
/*
 *  Copyright (C) 2025 Texas Instruments Incorporated
 *
 *  Redistribution and use in source and binary forms, with or without
 *  modification, are permitted provided that the following conditions
 *  are met:
 *
 *    Redistributions of source code must retain the above copyright
 *    notice, this list of conditions and the following disclaimer.
 *
 *    Redistributions in binary form must reproduce the above copyright
 *    notice, this list of conditions and the following disclaimer in the
 *    documentation and/or other materials provided with the
 *    distribution.
 *
 *    Neither the name of Texas Instruments Incorporated nor the names of
 *    its contributors may be used to endorse or promote products derived
 *    from this software without specific prior written permission.
 *
 *  THIS SOFTWARE IS PROVIDED BY THE COPYRIGHT HOLDERS AND CONTRIBUTORS
 *  "AS IS" AND ANY EXPRESS OR IMPLIED WARRANTIES, INCLUDING, BUT NOT
 *  LIMITED TO, THE IMPLIED WARRANTIES OF MERCHANTABILITY AND FITNESS FOR
 *  A PARTICULAR PURPOSE ARE DISCLAIMED. IN NO EVENT SHALL THE COPYRIGHT
 *  OWNER OR CONTRIBUTORS BE LIABLE FOR ANY DIRECT, INDIRECT, INCIDENTAL,
 *  SPECIAL, EXEMPLARY, OR CONSEQUENTIAL DAMAGES (INCLUDING, BUT NOT
 *  LIMITED TO, PROCUREMENT OF SUBSTITUTE GOODS OR SERVICES; LOSS OF USE,
 *  DATA, OR PROFITS; OR BUSINESS INTERRUPTION) HOWEVER CAUSED AND ON ANY
 *  THEORY OF LIABILITY, WHETHER IN CONTRACT, STRICT LIABILITY, OR TORT
 *  (INCLUDING NEGLIGENCE OR OTHERWISE) ARISING IN ANY WAY OUT OF THE USE
 *  OF THIS SOFTWARE, EVEN IF ADVISED OF THE POSSIBILITY OF SUCH DAMAGE.
 */

#include <stdint.h>
#include "./new_application_images.h"
uint8_t mcelf_file[5844] = {
        0x7F, 0x45, 0x4C, 0x46, 0x01, 0x01, 0x01, 0x00, 0x00, 0x00, 0x00, 0x00, 0x00, 0x00, 0x00, 0x00,
    0x02, 0x00, 0x28, 0x00, 0x01, 0x00, 0x00, 0x00, 0x00, 0x00, 0x00, 0x00, 0x34, 0x00, 0x00, 0x00,
    0x00, 0x00, 0x00, 0x00, 0x00, 0x00, 0x00, 0x05, 0x34, 0x00, 0x20, 0x00, 0x04, 0x00, 0x28, 0x00,
    0x00, 0x00, 0x00, 0x00, 0x04, 0x00, 0x00, 0x00, 0xB4, 0x00, 0x00, 0x00, 0x00, 0x00, 0x00, 0x00,
    0x00, 0x00, 0x00, 0x00, 0x80, 0x00, 0x00, 0x00, 0x80, 0x00, 0x00, 0x00, 0x00, 0x00, 0x00, 0x00,
    0x00, 0x00, 0x00, 0x00, 0x01, 0x00, 0x00, 0x00, 0x34, 0x01, 0x00, 0x00, 0x00, 0x00, 0x00, 0x00,
    0x00, 0x00, 0x00, 0x00, 0x40, 0x00, 0x00, 0x00, 0x40, 0x00, 0x00, 0x00, 0x05, 0x00, 0x00, 0x00,
    0x08, 0x00, 0x00, 0x00, 0x01, 0x00, 0x00, 0x00, 0x74, 0x01, 0x00, 0x00, 0xC0, 0xCB, 0x04, 0x70,
    0xC0, 0xCB, 0x04, 0x70, 0x30, 0x15, 0x00, 0x00, 0x30, 0x15, 0x00, 0x00, 0x05, 0x00, 0x00, 0x00,
    0x08, 0x00, 0x00, 0x00, 0x04, 0x00, 0x00, 0x00, 0xA4, 0x16, 0x00, 0x00, 0x00, 0x00, 0x00, 0x00,
    0x00, 0x00, 0x00, 0x00, 0x30, 0x00, 0x00, 0x00, 0x30, 0x00, 0x00, 0x00, 0x00, 0x00, 0x00, 0x00,
    0x00, 0x00, 0x00, 0x00, 0x12, 0x00, 0x00, 0x00, 0x00, 0x00, 0x00, 0x00, 0x55, 0x55, 0xAA, 0xAA,
    0x54, 0x65, 0x78, 0x61, 0x73, 0x20, 0x49, 0x6E, 0x73, 0x74, 0x72, 0x75, 0x6D, 0x65, 0x6E, 0x74,
    0x73, 0x20, 0x00, 0x00, 0x0C, 0x00, 0x00, 0x00, 0x02, 0x00, 0x00, 0x00, 0x77, 0x77, 0xBB, 0xBB,
    0x53, 0x65, 0x67, 0x6D, 0x65, 0x6E, 0x74, 0x20, 0x4D, 0x61, 0x70, 0x20, 0x00, 0x00, 0x00, 0x00,
    0x0D, 0x00, 0x00, 0x00, 0x08, 0x00, 0x00, 0x00, 0x99, 0x99, 0xCC, 0xCC, 0x45, 0x6E, 0x74, 0x72,
    0x79, 0x20, 0x50, 0x6F, 0x69, 0x6E, 0x74, 0x73, 0x20, 0x00, 0x00, 0x00, 0x00, 0x00, 0x00, 0x00,
    0x00, 0x00, 0x00, 0x00, 0x0A, 0x00, 0x00, 0x00, 0x08, 0x00, 0x00, 0x00, 0xBB, 0xBB, 0xDD, 0xDD,
    0x6F, 0x74, 0x66, 0x61, 0x43, 0x6F, 0x6E, 0x66, 0x69, 0x67, 0x00, 0x00, 0x00, 0x01, 0x04, 0x10,
    0x00, 0x00, 0x00, 0x00, 0x18, 0xF0, 0x9F, 0xE5, 0x18, 0xF0, 0x9F, 0xE5, 0x18, 0xF0, 0x9F, 0xE5,
    0x18, 0xF0, 0x9F, 0xE5, 0x18, 0xF0, 0x9F, 0xE5, 0x18, 0xF0, 0x9F, 0xE5, 0x18, 0xF0, 0x9F, 0xE5,
    0x18, 0xF0, 0x9F, 0xE5, 0x1C, 0xDC, 0x04, 0x70, 0x44, 0xD4, 0x04, 0x70, 0xF7, 0xD1, 0x04, 0x70,
    0xF8, 0xD3, 0x04, 0x70, 0xB4, 0xD3, 0x04, 0x70, 0x97, 0xD1, 0x04, 0x70, 0x40, 0xD3, 0x04, 0x70,
    0xE7, 0xD0, 0x04, 0x70, 0x4E, 0xF2, 0xD8, 0x01, 0xBF, 0xF3, 0x6F, 0x8F, 0xC7, 0xF2, 0x04, 0x01,
    0x00, 0xF0, 0x1F, 0x02, 0xBF, 0xF3, 0x4F, 0x8F, 0x01, 0x23, 0x00, 0xF4, 0xF0, 0x70, 0x03, 0xFA,
    0x02, 0xF2, 0x09, 0x68, 0x08, 0x44, 0xC0, 0xF8, 0x08, 0x24, 0x70, 0x47, 0x4E, 0xF2, 0xD8, 0x01,
    0x00, 0xF4, 0xF0, 0x72, 0xC7, 0xF2, 0x04, 0x01, 0x00, 0xF0, 0x1F, 0x03, 0x09, 0x68, 0x11, 0x44,
    0xD1, 0xF8, 0x0C, 0x24, 0x22, 0xFA, 0x03, 0xF0, 0x01, 0x22, 0x9A, 0x40, 0x00, 0xF0, 0x01, 0x00,
    0xC1, 0xF8, 0x0C, 0x24, 0xBF, 0xF3, 0x6F, 0x8F, 0xBF, 0xF3, 0x4F, 0x8F, 0x70, 0x47, 0x99, 0xB1,
    0x4E, 0xF2, 0xD8, 0x01, 0xBF, 0xF3, 0x6F, 0x8F, 0xC7, 0xF2, 0x04, 0x01, 0x00, 0xF0, 0x1F, 0x02,
    0xBF, 0xF3, 0x4F, 0x8F, 0x01, 0x23, 0x00, 0xF4, 0xF0, 0x70, 0x03, 0xFA, 0x02, 0xF2, 0x09, 0x68,
    0x08, 0x44, 0xC0, 0xF8, 0x08, 0x24, 0x70, 0x47, 0x4E, 0xF2, 0xD8, 0x01, 0x00, 0xF4, 0xF0, 0x72,
    0xC7, 0xF2, 0x04, 0x01, 0x00, 0xF0, 0x1F, 0x00, 0x01, 0x23, 0x03, 0xFA, 0x00, 0xF0, 0x09, 0x68,
    0x11, 0x44, 0xD1, 0xF8, 0x0C, 0x24, 0xC1, 0xF8, 0x0C, 0x04, 0xBF, 0xF3, 0x6F, 0x8F, 0xBF, 0xF3,
    0x4F, 0x8F, 0x70, 0x47, 0x4E, 0xF2, 0xD8, 0x01, 0x00, 0xF0, 0x1F, 0x02, 0xC7, 0xF2, 0x04, 0x01,
    0x01, 0x23, 0x00, 0xF4, 0xF0, 0x70, 0x03, 0xFA, 0x02, 0xF2, 0x09, 0x68, 0x08, 0x44, 0xC0, 0xF8,
    0x04, 0x24, 0x70, 0x47, 0x4E, 0xF2, 0xD8, 0x01, 0x00, 0xF0, 0x1F, 0x02, 0xC7, 0xF2, 0x04, 0x01,
    0x01, 0x23, 0x00, 0xF4, 0xF0, 0x70, 0x03, 0xFA, 0x02, 0xF2, 0x09, 0x68, 0x08, 0x44, 0xC0, 0xF8,
    0x00, 0x24, 0xBF, 0xF3, 0x6F, 0x8F, 0xBF, 0xF3, 0x4F, 0x8F, 0x70, 0x47, 0x00, 0x21, 0x4F, 0xF4,
    0x70, 0x22, 0x01, 0x60, 0xC0, 0xE9, 0x01, 0x11, 0xC2, 0x60, 0x01, 0x74, 0x70, 0x47, 0x2D, 0xE9,
    0xF0, 0x41, 0x0D, 0x46, 0x49, 0x68, 0x80, 0x46, 0x00, 0x29, 0x18, 0xBF, 0x01, 0x21, 0x08, 0x46,
    0x01, 0xF0, 0x2E, 0xF8, 0x29, 0x68, 0x00, 0x20, 0x00, 0x26, 0xB1, 0xF5, 0x80, 0x7F, 0x38, 0xBF,
    0x01, 0x20, 0x01, 0xF0, 0x25, 0xF8, 0xA8, 0x7B, 0x10, 0x28, 0x38, 0xBF, 0x01, 0x26, 0x30, 0x46,
    0x01, 0xF0, 0x1E, 0xF8, 0x4E, 0xF2, 0xD8, 0x00, 0x29, 0x68, 0xC7, 0xF2, 0x04, 0x00, 0x01, 0x26,
    0x01, 0xF4, 0xF0, 0x73, 0x01, 0xF0, 0x1F, 0x01, 0x02, 0x68, 0x06, 0xFA, 0x01, 0xF1, 0x1A, 0x44,
    0xD2, 0xF8, 0x0C, 0x34, 0xC2, 0xF8, 0x0C, 0x14, 0xBF, 0xF3, 0x6F, 0x8F, 0xBF, 0xF3, 0x4F, 0x8F,
    0x29, 0x68, 0x03, 0x68, 0x01, 0xF0, 0x1F, 0x02, 0x01, 0xF4, 0xF0, 0x71, 0x19, 0x44, 0x06, 0xFA,
    0x02, 0xF2, 0xC1, 0xF8, 0x04, 0x24, 0x2A, 0x68, 0xE9, 0x7B, 0x02, 0xF0, 0x1F, 0x04, 0x02, 0xF4,
    0xF0, 0x73, 0x02, 0x68, 0x03, 0xF5, 0x83, 0x63, 0x06, 0xFA, 0x04, 0xF6, 0x11, 0xB1, 0x9C, 0x58,
    0x26, 0x43, 0x02, 0xE0, 0x9C, 0x58, 0x24, 0xEA, 0x06, 0x06, 0x9E, 0x50, 0x4F, 0xF4, 0x80, 0x54,
    0xAA, 0x7B, 0x2B, 0x68, 0x06, 0x68, 0x02, 0xF0, 0x0F, 0x02, 0x2F, 0x7C, 0x06, 0xEB, 0x83, 0x03,
    0x1A, 0x51, 0x01, 0x24, 0x2A, 0x68, 0x02, 0xF0, 0x1F, 0x06, 0x02, 0xF4, 0xF0, 0x73, 0x02, 0x68,
    0x03, 0xF2, 0x1C, 0x43, 0x04, 0xFA, 0x06, 0xF6, 0x17, 0xB1, 0x9F, 0x58, 0x3E, 0x43, 0x02, 0xE0,
    0x9F, 0x58, 0x27, 0xEA, 0x06, 0x06, 0x9E, 0x50, 0x4D, 0xF2, 0x40, 0x32, 0xC7, 0xF2, 0x04, 0x02,
    0x4D, 0xF2, 0xE7, 0x03, 0xC7, 0xF2, 0x04, 0x03, 0x2F, 0x68, 0x00, 0x29, 0x08, 0xBF, 0x13, 0x46,
    0x01, 0x68, 0x23, 0xF0, 0x03, 0x02, 0x4F, 0xF4, 0x00, 0x53, 0x01, 0xEB, 0x87, 0x01, 0xCA, 0x50,
    0x40, 0xF2, 0x00, 0x03, 0xD5, 0xE9, 0x00, 0x21, 0xC7, 0xF2, 0x04, 0x03, 0x43, 0xF8, 0x22, 0x10,
    0x03, 0xEB, 0x82, 0x03, 0xA9, 0x68, 0xC8, 0xF8, 0x00, 0x20, 0xC3, 0xF8, 0x00, 0x14, 0x02, 0xF0,
    0x1F, 0x01, 0xBF, 0xF3, 0x6F, 0x8F, 0x01, 0x23, 0xBF, 0xF3, 0x4F, 0x8F, 0x02, 0xF4, 0xF0, 0x72,
    0x07, 0x68, 0x03, 0xFA, 0x01, 0xF1, 0x00, 0x20, 0x3A, 0x44, 0xC2, 0xF8, 0x08, 0x14, 0xBD, 0xE8,
    0xF0, 0x81, 0x10, 0xB5, 0x4E, 0xF2, 0xD8, 0x0C, 0x02, 0x68, 0xC7, 0xF2, 0x04, 0x0C, 0x4F, 0xF0,
    0x01, 0x0E, 0x0F, 0x24, 0x02, 0xF4, 0xF0, 0x71, 0x02, 0xF0, 0x1F, 0x02, 0xDC, 0xF8, 0x00, 0x30,
    0x0E, 0xFA, 0x02, 0xF2, 0x19, 0x44, 0xD1, 0xF8, 0x0C, 0x34, 0xC1, 0xF8, 0x0C, 0x24, 0xBF, 0xF3,
    0x6F, 0x8F, 0xBF, 0xF3, 0x4F, 0x8F, 0x01, 0x68, 0xDC, 0xF8, 0x00, 0x30, 0x01, 0xF0, 0x1F, 0x02,
    0x01, 0xF4, 0xF0, 0x71, 0x19, 0x44, 0x0E, 0xFA, 0x02, 0xF2, 0xC1, 0xF8, 0x04, 0x24, 0x01, 0x68,
    0xDC, 0xF8, 0x00, 0x20, 0x01, 0xF4, 0xF0, 0x73, 0x01, 0xF0, 0x1F, 0x01, 0x1A, 0x44, 0x0E, 0xFA,
    0x01, 0xF1, 0xD2, 0xF8, 0x18, 0x34, 0x23, 0xEA, 0x01, 0x01, 0x4F, 0xF4, 0x80, 0x53, 0xC2, 0xF8,
    0x18, 0x14, 0x01, 0x68, 0xDC, 0xF8, 0x00, 0x20, 0x02, 0xEB, 0x81, 0x01, 0xCC, 0x50, 0x4F, 0xF4,
    0x00, 0x54, 0x01, 0x68, 0xDC, 0xF8, 0x00, 0x20, 0x01, 0xF4, 0xF0, 0x73, 0x01, 0xF0, 0x1F, 0x01,
    0x1A, 0x44, 0x0E, 0xFA, 0x01, 0xF1, 0xD2, 0xF8, 0x1C, 0x34, 0x23, 0xEA, 0x01, 0x01, 0x4D, 0xF2,
    0x40, 0x33, 0xC7, 0xF2, 0x04, 0x03, 0xC2, 0xF8, 0x1C, 0x14, 0x01, 0x68, 0x23, 0xF0, 0x03, 0x03,
    0xDC, 0xF8, 0x00, 0x20, 0x02, 0xEB, 0x81, 0x01, 0x40, 0xF2, 0x00, 0x02, 0x0B, 0x51, 0xC7, 0xF2,
    0x04, 0x02, 0x00, 0x68, 0x00, 0x21, 0x02, 0xEB, 0x80, 0x03, 0x42, 0xF8, 0x20, 0x10, 0xC3, 0xF8,
    0x00, 0x14, 0x10, 0xBD, 0xF0, 0xB5, 0x81, 0xB0, 0x00, 0xF0, 0xEA, 0xEA, 0x00, 0xF0, 0xF0, 0xEA,
    0x4E, 0xF2, 0xD8, 0x04, 0xC7, 0xF2, 0x04, 0x04, 0x20, 0x68, 0x00, 0x28, 0x18, 0xBF, 0x01, 0x20,
    0x00, 0xF0, 0x1E, 0xFF, 0x4D, 0xF2, 0x40, 0x33, 0x40, 0xF2, 0x00, 0x01, 0xC7, 0xF2, 0x04, 0x03,
    0xC7, 0xF2, 0x04, 0x01, 0x10, 0x22, 0x00, 0x20, 0x4F, 0xF4, 0x80, 0x5C, 0x4F, 0xF0, 0x0F, 0x0E,
    0xC1, 0xF8, 0x08, 0x28, 0x23, 0xF0, 0x03, 0x02, 0x4F, 0xF4, 0x00, 0x53, 0x00, 0x25, 0xC1, 0xF8,
    0x00, 0x08, 0xC1, 0xF8, 0x04, 0x08, 0x26, 0x68, 0x4F, 0x19, 0xC7, 0xF8, 0x00, 0x04, 0x48, 0x51,
    0x2E, 0x44, 0x46, 0xF8, 0x0C, 0xE0, 0x26, 0x68, 0x2E, 0x44, 0x04, 0x35, 0xF2, 0x50, 0xB5, 0xF5,
    0x80, 0x6F, 0xF0, 0xD1, 0x08, 0x20, 0x40, 0xF2, 0x1C, 0x41, 0x4F, 0xF0, 0xFF, 0x32, 0x00, 0x23,
    0x27, 0x68, 0x01, 0x38, 0x0F, 0x44, 0x47, 0xF8, 0x10, 0x2C, 0x27, 0x68, 0x0F, 0x44, 0x47, 0xF8,
    0x18, 0x2C, 0x27, 0x68, 0xCB, 0x51, 0x27, 0x68, 0x0F, 0x44, 0x01, 0xF1, 0x20, 0x01, 0x47, 0xF8,
    0x04, 0x3C, 0xED, 0xD1, 0x20, 0x68, 0x40, 0xF6, 0x0C, 0x02, 0xC7, 0xF2, 0x04, 0x02, 0x00, 0x23,
    0x81, 0x69, 0x11, 0x60, 0xC1, 0x69, 0x11, 0x60, 0x83, 0x61, 0x20, 0x68, 0xC3, 0x61, 0x00, 0xF0,
    0xB4, 0xEA, 0x01, 0xB0, 0xBD, 0xE8, 0xF0, 0x40, 0x00, 0xF0, 0xC2, 0xBA, 0x80, 0xB5, 0x00, 0xF0,
    0xBC, 0xEA, 0x00, 0xF0, 0x1F, 0x00, 0xB0, 0xF1, 0x1F, 0x01, 0x18, 0xBF, 0x01, 0x21, 0x10, 0x38,
    0x18, 0xBF, 0x01, 0x20, 0x08, 0x40, 0x80, 0xBD, 0x81, 0xB0, 0x4E, 0xF2, 0xD8, 0x01, 0x4F, 0xF0,
    0xFF, 0x32, 0xC7, 0xF2, 0x04, 0x01, 0x02, 0xFA, 0x00, 0xF0, 0xC0, 0x43, 0x09, 0x68, 0x8A, 0x6A,
    0x00, 0x92, 0x88, 0x62, 0x00, 0x98, 0x01, 0xB0, 0x70, 0x47, 0x10, 0xB5, 0x82, 0xB0, 0x4F, 0xF0,
    0xFF, 0x31, 0x01, 0xFA, 0x00, 0xF0, 0xC4, 0x43, 0x00, 0xF0, 0x62, 0xEA, 0x4E, 0xF2, 0xD8, 0x01,
    0xC7, 0xF2, 0x04, 0x01, 0x0A, 0x68, 0x93, 0x6A, 0x01, 0x93, 0x94, 0x62, 0x01, 0x9A, 0x00, 0x92,
    0x00, 0xBF, 0x00, 0xBF, 0x00, 0xBF, 0x00, 0xBF, 0x00, 0xBF, 0x00, 0xBF, 0x00, 0xBF, 0x00, 0xBF,
    0x00, 0xBF, 0x00, 0xBF, 0x09, 0x68, 0x18, 0x31, 0x0A, 0x68, 0x0A, 0x60, 0x00, 0xF0, 0x68, 0xEA,
    0x00, 0x98, 0x02, 0xB0, 0x10, 0xBD, 0x81, 0xB0, 0x4E, 0xF2, 0xD8, 0x01, 0xC7, 0xF2, 0x04, 0x01,
    0x09, 0x68, 0x8A, 0x6A, 0x00, 0x92, 0x88, 0x62, 0x00, 0x98, 0x01, 0xB0, 0x70, 0x47, 0x2D, 0xE9,
    0xF0, 0x47, 0x4E, 0xF2, 0xD8, 0x09, 0xC7, 0xF2, 0x04, 0x09, 0xD9, 0xF8, 0x00, 0x00, 0x01, 0x6A,
    0xB1, 0xF1, 0xFF, 0x3F, 0x0C, 0xDD, 0x40, 0xF2, 0x00, 0x01, 0x00, 0x23, 0xC7, 0xF2, 0x04, 0x01,
    0xD1, 0xF8, 0x00, 0x28, 0x01, 0x32, 0xC1, 0xF8, 0x00, 0x28, 0x83, 0x61, 0xBD, 0xE8, 0xF0, 0x87,
    0x40, 0xF2, 0x00, 0x07, 0x01, 0xF0, 0xE0, 0x02, 0xC7, 0xF2, 0x04, 0x07, 0xC1, 0xF3, 0x03, 0x43,
    0x10, 0x44, 0x01, 0xF0, 0x1F, 0x02, 0xCC, 0xB2, 0xD7, 0xF8, 0x08, 0x88, 0xC7, 0xF8, 0x08, 0x38,
    0x01, 0x23, 0xD0, 0xF8, 0x1C, 0x04, 0x03, 0xFA, 0x02, 0xF2, 0x10, 0xEA, 0x02, 0x0A, 0x02, 0xD0,
    0x20, 0x46, 0xFF, 0xF7, 0xDF, 0xFD, 0x07, 0xEB, 0x84, 0x00, 0x57, 0xF8, 0x24, 0x60, 0xD0, 0xF8,
    0x00, 0x54, 0x00, 0xF0, 0x0E, 0xEA, 0x0E, 0xB1, 0x28, 0x46, 0xB0, 0x47, 0x00, 0xF0, 0xF8, 0xE9,
    0xBA, 0xF1, 0x00, 0x0F, 0x02, 0xD1, 0x20, 0x46, 0xFF, 0xF7, 0xCC, 0xFD, 0xD9, 0xF8, 0x00, 0x00,
    0x84, 0x61, 0xC7, 0xF8, 0x08, 0x88, 0xBD, 0xE8, 0xF0, 0x87, 0xDF, 0xB5, 0x06, 0xAF, 0x82, 0xB0,
    0x6C, 0x46, 0x6F, 0xF3, 0x02, 0x04, 0xA5, 0x46, 0x4E, 0xF2, 0xD8, 0x09, 0xC7, 0xF2, 0x04, 0x09,
    0xD9, 0xF8, 0x00, 0xA0, 0xDA, 0xF8, 0x1C, 0x00, 0x01, 0x90, 0x01, 0x98, 0xDA, 0xF8, 0x24, 0x80,
    0xB8, 0xF1, 0xFF, 0x3F, 0x0D, 0xDD, 0x40, 0xF2, 0x00, 0x08, 0x4F, 0xF0, 0x00, 0x09, 0xC7, 0xF2,
    0x04, 0x08, 0xD8, 0xF8, 0x04, 0x08, 0x01, 0x30, 0xC8, 0xF8, 0x04, 0x08, 0xCA, 0xF8, 0x1C, 0x90,
    0x2C, 0xE0, 0x08, 0xF4, 0xF0, 0x70, 0x4F, 0xF0, 0x01, 0x0C, 0x50, 0x44, 0x08, 0xF0, 0x1F, 0x0A,
    0x6F, 0xF3, 0x9F, 0x28, 0xD0, 0xF8, 0x1C, 0xE4, 0x0C, 0xFA, 0x0A, 0xF0, 0x1E, 0xEA, 0x00, 0x0A,
    0x02, 0xD0, 0x40, 0x46, 0xFF, 0xF7, 0x8E, 0xFD, 0x40, 0xF2, 0x00, 0x00, 0xC7, 0xF2, 0x04, 0x00,
    0x50, 0xF8, 0x28, 0xC0, 0xBC, 0xF1, 0x00, 0x0F, 0x04, 0xD0, 0x00, 0xEB, 0x88, 0x00, 0xD0, 0xF8,
    0x00, 0x04, 0xE0, 0x47, 0x00, 0xF0, 0xAC, 0xE9, 0xBA, 0xF1, 0x00, 0x0F, 0x02, 0xD1, 0x40, 0x46,
    0xFF, 0xF7, 0x78, 0xFD, 0xD9, 0xF8, 0x00, 0x00, 0xC0, 0xF8, 0x1C, 0x80, 0xA7, 0xF1, 0x18, 0x04,
    0xA5, 0x46, 0xBD, 0xE8, 0xDF, 0x40, 0xDE, 0xF3, 0x04, 0x8F, 0xD0, 0xB5, 0x02, 0xAF, 0x82, 0xB0,
    0x6C, 0x46, 0x6F, 0xF3, 0x02, 0x04, 0xA5, 0x46, 0x4F, 0xF0, 0x01, 0x0E, 0xCD, 0xF8, 0x04, 0xE0,
    0xDD, 0xF8, 0x04, 0xE0, 0xBE, 0xF1, 0x00, 0x0F, 0xFA, 0xD1, 0xA7, 0xF1, 0x08, 0x04, 0xA5, 0x46,
    0xBD, 0xE8, 0xD0, 0x40, 0xDE, 0xF3, 0x00, 0x8F, 0x80, 0xB5, 0x84, 0xB0, 0x03, 0x90, 0x00, 0xF0,
    0x6C, 0xE9, 0x02, 0x90, 0x03, 0x98, 0x01, 0x90, 0x01, 0x98, 0x02, 0x99, 0x04, 0xB0, 0xBD, 0xE8,
    0x80, 0x40, 0x00, 0xF0, 0x00, 0xB8, 0x83, 0xB0, 0x02, 0x90, 0x01, 0x20, 0x01, 0x91, 0x00, 0x90,
    0x00, 0x98, 0x00, 0x28, 0xFC, 0xD1, 0x03, 0xB0, 0x70, 0x47, 0xD0, 0xB5, 0x02, 0xAF, 0x82, 0xB0,
    0x6C, 0x46, 0x6F, 0xF3, 0x02, 0x04, 0xA5, 0x46, 0x4F, 0xF0, 0x01, 0x0E, 0xCD, 0xF8, 0x04, 0xE0,
    0xDD, 0xF8, 0x04, 0xE0, 0xBE, 0xF1, 0x00, 0x0F, 0xFA, 0xD1, 0xA7, 0xF1, 0x08, 0x04, 0xA5, 0x46,
    0xBD, 0xE8, 0xD0, 0x40, 0xDE, 0xF3, 0x00, 0x8F, 0x70, 0xB5, 0x92, 0xB0, 0x11, 0x90, 0x00, 0xF0,
    0x34, 0xE9, 0x0F, 0x90, 0x00, 0xF0, 0x34, 0xE9, 0x0E, 0x90, 0x00, 0xF0, 0x2A, 0xE9, 0x10, 0x90,
    0x11, 0x98, 0x0D, 0x90, 0x00, 0xF0, 0x30, 0xE9, 0x0C, 0x90, 0x10, 0x20, 0x10, 0x99, 0x01, 0xF0,
    0x0F, 0x02, 0x00, 0xEA, 0x91, 0x10, 0xC1, 0xF3, 0x00, 0x31, 0x10, 0x44, 0x04, 0x22, 0x0B, 0x90,
    0x0A, 0x91, 0xDD, 0xF8, 0x3C, 0xC0, 0xCC, 0xF3, 0x81, 0x5E, 0x02, 0xEA, 0x9C, 0x43, 0xCC, 0xF3,
    0x48, 0x12, 0x73, 0x44, 0xCC, 0xF3, 0x40, 0x5E, 0xCC, 0xF3, 0x03, 0x6C, 0x09, 0x92, 0x08, 0x93,
    0xCD, 0xF8, 0x1C, 0xE0, 0xCD, 0xF8, 0x18, 0xC0, 0x0E, 0x9C, 0x0D, 0x9D, 0x0C, 0x9E, 0xCD, 0xE9,
    0x00, 0xEC, 0x0D, 0xF1, 0x08, 0x0C, 0x8C, 0xE8, 0x70, 0x00, 0x00, 0xF0, 0x02, 0xF8, 0x12, 0xB0,
    0x70, 0xBD, 0x81, 0xB0, 0x01, 0x20, 0x00, 0x90, 0x00, 0x98, 0x00, 0x28, 0xFC, 0xD1, 0x01, 0xB0,
    0x70, 0x47, 0xF0, 0xB5, 0x93, 0xB0, 0x12, 0x90, 0x00, 0xF0, 0xE2, 0xE8, 0x10, 0x90, 0x00, 0xF0,
    0xE4, 0xE8, 0x0F, 0x90, 0x00, 0xF0, 0xD8, 0xE8, 0x11, 0x90, 0x12, 0x98, 0x0E, 0x90, 0x00, 0xF0,
    0xEC, 0xE8, 0x0D, 0x90, 0x10, 0x20, 0x11, 0x99, 0x04, 0x23, 0x01, 0xF0, 0x0F, 0x02, 0x00, 0xEA,
    0x91, 0x10, 0x10, 0x44, 0xC1, 0xF3, 0xC0, 0x22, 0xC1, 0xF3, 0x00, 0x31, 0x0C, 0x90, 0x0A, 0x92,
    0x0B, 0x91, 0xDD, 0xF8, 0x40, 0xC0, 0xCC, 0xF3, 0x81, 0x5E, 0xCC, 0xF3, 0x40, 0x55, 0x03, 0xEA,
    0x9C, 0x44, 0xCC, 0xF3, 0x48, 0x13, 0xA6, 0x44, 0xCC, 0xF3, 0x03, 0x64, 0x09, 0x93, 0xCD, 0xF8,
    0x20, 0xE0, 0x07, 0x95, 0x06, 0x94, 0xDD, 0xF8, 0x3C, 0xC0, 0x0E, 0x9E, 0x0D, 0x9F, 0xCD, 0xE9,
    0x00, 0xE5, 0xCD, 0xE9, 0x02, 0x4C, 0xCD, 0xE9, 0x04, 0x67, 0x00, 0xF0, 0x02, 0xF8, 0x13, 0xB0,
    0xF0, 0xBD, 0x81, 0xB0, 0x01, 0x20, 0x00, 0x90, 0x00, 0x98, 0x00, 0x28, 0xFC, 0xD1, 0x01, 0xB0,
    0x70, 0x47, 0x00, 0x00, 0x04, 0xE0, 0x4E, 0xE2, 0x04, 0xE0, 0x2D, 0xE5, 0x00, 0xE0, 0x4F, 0xE1,
    0x04, 0xE0, 0x2D, 0xE5, 0x13, 0x00, 0x02, 0xF1, 0x1F, 0x10, 0x2D, 0xE9, 0x10, 0x0A, 0xF1, 0xEE,
    0x20, 0x0B, 0x2D, 0xED, 0x04, 0x00, 0x2D, 0xE5, 0x0D, 0x20, 0xA0, 0xE1, 0x04, 0x20, 0x02, 0xE2,
    0x02, 0xD0, 0x4D, 0xE0, 0x1F, 0x40, 0x2D, 0xE9, 0x30, 0x11, 0x9F, 0xE5, 0x31, 0xFF, 0x2F, 0xE1,
    0x1F, 0x40, 0xBD, 0xE8, 0x02, 0xD0, 0x8D, 0xE0, 0x80, 0x00, 0x0C, 0xF1, 0x4F, 0xF0, 0x7F, 0xF5,
    0x6F, 0xF0, 0x7F, 0xF5, 0x04, 0x00, 0x9D, 0xE4, 0x20, 0x0B, 0xBD, 0xEC, 0x10, 0x0A, 0xE1, 0xEE,
    0x1F, 0x10, 0xBD, 0xE8, 0x12, 0x00, 0x02, 0xF1, 0x04, 0xE0, 0x9D, 0xE4, 0x0E, 0xF0, 0x6F, 0xE1,
    0x04, 0xE0, 0x9D, 0xE4, 0x0E, 0xF0, 0xB0, 0xE1, 0x1F, 0x10, 0x2D, 0xE9, 0x0E, 0x00, 0xA0, 0xE1,
    0x00, 0x20, 0x4F, 0xE1, 0x20, 0x10, 0x02, 0xE2, 0x00, 0x00, 0x51, 0xE3, 0x06, 0xE0, 0x4E, 0x12,
    0x04, 0xE0, 0x4E, 0x02, 0x04, 0xE0, 0x2D, 0xE5, 0x00, 0xE0, 0x4F, 0xE1, 0x04, 0xE0, 0x2D, 0xE5,
    0xCC, 0x10, 0x9F, 0xE5, 0x31, 0xFF, 0x2F, 0xE1, 0x04, 0xE0, 0x9D, 0xE4, 0x0E, 0xF0, 0x6F, 0xE1,
    0x04, 0xE0, 0x9D, 0xE4, 0x1F, 0x10, 0xBD, 0xE8, 0x0E, 0xF0, 0xB0, 0xE1, 0x1F, 0x10, 0x2D, 0xE9,
    0x0E, 0x00, 0xA0, 0xE1, 0x04, 0xE0, 0x2D, 0xE5, 0x00, 0xE0, 0x4F, 0xE1, 0x04, 0xE0, 0x2D, 0xE5,
    0xA0, 0x10, 0x9F, 0xE5, 0x31, 0xFF, 0x2F, 0xE1, 0x04, 0x00, 0x9D, 0xE4, 0x1F, 0x10, 0x00, 0xE2,
    0x10, 0x00, 0x31, 0xE3, 0x1F, 0x00, 0x31, 0x13, 0x00, 0x40, 0xCD, 0x08, 0x04, 0xE0, 0x9D, 0xE4,
    0x01, 0x10, 0x1E, 0xE2, 0x01, 0x00, 0x51, 0xE3, 0x20, 0x00, 0x80, 0x03, 0x00, 0xF0, 0x6F, 0xE1,
    0x1F, 0x10, 0xBD, 0xE8, 0x0E, 0xF0, 0xB0, 0xE1, 0x1F, 0x10, 0x2D, 0xE9, 0x0E, 0x00, 0xA0, 0xE1,
    0x04, 0xE0, 0x2D, 0xE5, 0x00, 0xE0, 0x4F, 0xE1, 0x04, 0xE0, 0x2D, 0xE5, 0x58, 0x10, 0x9F, 0xE5,
    0x31, 0xFF, 0x2F, 0xE1, 0x04, 0xE0, 0x9D, 0xE4, 0x0E, 0xF0, 0x6F, 0xE1, 0x04, 0xE0, 0x9D, 0xE4,
    0x1F, 0x10, 0xBD, 0xE8, 0x0E, 0xF0, 0xB0, 0xE1, 0x10, 0x0F, 0x15, 0xEE, 0x1E, 0xFF, 0x2F, 0xE1,
    0x11, 0x0F, 0x15, 0xEE, 0x1E, 0xFF, 0x2F, 0xE1, 0x10, 0x0F, 0x16, 0xEE, 0x1E, 0xFF, 0x2F, 0xE1,
    0x30, 0x0F, 0x15, 0xEE, 0x1E, 0xFF, 0x2F, 0xE1, 0x31, 0x0F, 0x15, 0xEE, 0x1E, 0xFF, 0x2F, 0xE1,
    0x50, 0x0F, 0x16, 0xEE, 0x1E, 0xFF, 0x2F, 0xE1, 0x00, 0x00, 0x4F, 0xE1, 0x1E, 0xFF, 0x2F, 0xE1,
    0x4B, 0xD0, 0x04, 0x70, 0xAF, 0xD2, 0x04, 0x70, 0x25, 0xD2, 0x04, 0x70, 0xC5, 0xD1, 0x04, 0x70,
    0x00, 0x00, 0x0F, 0xE1, 0x80, 0xC0, 0x80, 0xE3, 0x0C, 0xF0, 0x29, 0xE1, 0x1E, 0xFF, 0x2F, 0xE1,
    0x00, 0x00, 0x0F, 0xE1, 0x40, 0xC0, 0x80, 0xE3, 0x0C, 0xF0, 0x29, 0xE1, 0x1E, 0xFF, 0x2F, 0xE1,
    0x00, 0x00, 0x0F, 0xE1, 0x80, 0xC0, 0xC0, 0xE3, 0x0C, 0xF0, 0x29, 0xE1, 0x1E, 0xFF, 0x2F, 0xE1,
    0x00, 0x00, 0x0F, 0xE1, 0x40, 0xC0, 0xC0, 0xE3, 0x0C, 0xF0, 0x29, 0xE1, 0x1E, 0xFF, 0x2F, 0xE1,
    0x00, 0xF0, 0x29, 0xE1, 0x1E, 0xFF, 0x2F, 0xE1, 0x10, 0x0F, 0x11, 0xEE, 0x01, 0x04, 0x80, 0xE3,
    0x10, 0x0F, 0x01, 0xEE, 0x1E, 0xFF, 0x2F, 0xE1, 0x10, 0x0F, 0x11, 0xEE, 0x01, 0x04, 0xC0, 0xE3,
    0x10, 0x0F, 0x01, 0xEE, 0x1E, 0xFF, 0x2F, 0xE1, 0x00, 0x00, 0x0F, 0xE1, 0x1E, 0xFF, 0x2F, 0xE1,
    0xDF, 0xF8, 0x00, 0xF0, 0xEC, 0xD4, 0x04, 0x70, 0x00, 0x00, 0x00, 0x00, 0xFF, 0x4E, 0x2D, 0xE9,
    0x10, 0x0F, 0x11, 0xEE, 0x04, 0x00, 0xC0, 0xE3, 0x4F, 0xF0, 0x7F, 0xF5, 0x10, 0x0F, 0x01, 0xEE,
    0x64, 0x07, 0x0D, 0xE3, 0x04, 0x00, 0x47, 0xE3, 0x30, 0xFF, 0x2F, 0xE1, 0xFF, 0x4E, 0xBD, 0xE8,
    0x1E, 0xFF, 0x2F, 0xE1, 0x10, 0x0F, 0x11, 0xEE, 0x01, 0x0A, 0xC0, 0xE3, 0x10, 0x0F, 0x01, 0xEE,
    0x15, 0x1F, 0x07, 0xEE, 0x6F, 0xF0, 0x7F, 0xF5, 0x1E, 0xFF, 0x2F, 0xE1, 0x10, 0x0F, 0x11, 0xEE,
    0x04, 0x00, 0x80, 0xE3, 0x4F, 0xF0, 0x7F, 0xF5, 0x15, 0x1F, 0x0F, 0xEE, 0x10, 0x0F, 0x01, 0xEE,
    0x1E, 0xFF, 0x2F, 0xE1, 0x10, 0x0F, 0x11, 0xEE, 0x01, 0x0A, 0x80, 0xE3, 0x15, 0x1F, 0x07, 0xEE,
    0x10, 0x0F, 0x01, 0xEE, 0x6F, 0xF0, 0x7F, 0xF5, 0x1E, 0xFF, 0x2F, 0xE1, 0x04, 0x40, 0x2D, 0xE5,
    0x01, 0x10, 0x80, 0xE0, 0x24, 0x30, 0x9F, 0xE5, 0x00, 0x30, 0x93, 0xE5, 0x01, 0x40, 0x43, 0xE2,
    0x04, 0x00, 0xC0, 0xE1, 0x36, 0x0F, 0x07, 0xEE, 0x03, 0x00, 0x80, 0xE0, 0x01, 0x00, 0x50, 0xE1,
    0xFB, 0xFF, 0xFF, 0x3A, 0x4F, 0xF0, 0x7F, 0xF5, 0x04, 0x40, 0x9D, 0xE4, 0x1E, 0xFF, 0x2F, 0xE1,
    0x2C, 0x5D, 0x30, 0x80, 0x04, 0x40, 0x2D, 0xE5, 0x01, 0x10, 0x80, 0xE0, 0x28, 0x30, 0x9F, 0xE5,
    0x00, 0x30, 0x93, 0xE5, 0x01, 0x40, 0x43, 0xE2, 0x04, 0x00, 0xC0, 0xE1, 0x35, 0x0F, 0x07, 0xEE,
    0x03, 0x00, 0x80, 0xE0, 0x01, 0x00, 0x50, 0xE1, 0xFB, 0xFF, 0xFF, 0x3A, 0x4F, 0xF0, 0x7F, 0xF5,
    0x6F, 0xF0, 0x7F, 0xF5, 0x04, 0x40, 0x9D, 0xE4, 0x1E, 0xFF, 0x2F, 0xE1, 0xB8, 0x63, 0x30, 0x80,
    0x15, 0x0F, 0x0F, 0xEE, 0x1E, 0xFF, 0x2F, 0xE1, 0x15, 0x0F, 0x07, 0xEE, 0x1E, 0xFF, 0x2F, 0xE1,
    0x30, 0x00, 0x2D, 0xE9, 0x5F, 0xF0, 0x7F, 0xF5, 0x01, 0x10, 0x80, 0xE0, 0x24, 0x40, 0x9F, 0xE5,
    0x00, 0x40, 0x94, 0xE5, 0x01, 0x50, 0x44, 0xE2, 0x05, 0x00, 0xC0, 0xE1, 0x3A, 0x0F, 0x07, 0xEE,
    0x04, 0x00, 0x80, 0xE0, 0x01, 0x00, 0x50, 0xE1, 0xFB, 0xFF, 0xFF, 0x3A, 0x4F, 0xF0, 0x7F, 0xF5,
    0x30, 0x00, 0xBD, 0xE8, 0x1E, 0xFF, 0x2F, 0xE1, 0x2C, 0x5D, 0x30, 0x80, 0x30, 0x00, 0x2D, 0xE9,
    0x5F, 0xF0, 0x7F, 0xF5, 0x01, 0x10, 0x80, 0xE0, 0x24, 0x40, 0x9F, 0xE5, 0x00, 0x40, 0x94, 0xE5,
    0x01, 0x50, 0x44, 0xE2, 0x05, 0x00, 0xC0, 0xE1, 0x3E, 0x0F, 0x07, 0xEE, 0x04, 0x00, 0x80, 0xE0,
    0x01, 0x00, 0x50, 0xE1, 0xFB, 0xFF, 0xFF, 0x3A, 0x4F, 0xF0, 0x7F, 0xF5, 0x30, 0x00, 0xBD, 0xE8,
    0x1E, 0xFF, 0x2F, 0xE1, 0x2C, 0x5D, 0x30, 0x80, 0xFF, 0x4E, 0x2D, 0xE9, 0x5F, 0xF0, 0x7F, 0xF5,
    0x30, 0x0F, 0x30, 0xEE, 0x07, 0x34, 0x10, 0xE2, 0xA3, 0x3B, 0xA0, 0xE1, 0x1D, 0x00, 0x00, 0x0A,
    0x00, 0xA0, 0xA0, 0xE3, 0xAA, 0x20, 0x8A, 0xE0, 0x30, 0x12, 0xA0, 0xE1, 0x07, 0x10, 0x01, 0xE2,
    0x02, 0x00, 0x51, 0xE3, 0x14, 0x00, 0x00, 0xBA, 0x00, 0x60, 0x0F, 0xE1, 0x80, 0x00, 0x0C, 0xF1,
    0x10, 0xAF, 0x40, 0xEE, 0x6F, 0xF0, 0x7F, 0xF5, 0x10, 0x1F, 0x30, 0xEE, 0x06, 0xF0, 0x21, 0xE1,
    0x07, 0x20, 0x01, 0xE2, 0x04, 0x20, 0x82, 0xE2, 0xFF, 0x43, 0x00, 0xE3, 0xA1, 0x41, 0x14, 0xE0,
    0x14, 0x5F, 0x6F, 0xE1, 0xFF, 0x7F, 0x07, 0xE3, 0xA1, 0x76, 0x17, 0xE0, 0x04, 0x90, 0xA0, 0xE1,
    0x19, 0xB5, 0x8A, 0xE1, 0x17, 0xB2, 0x8B, 0xE1, 0x5A, 0xBF, 0x07, 0xEE, 0x01, 0x90, 0x59, 0xE2,
    0xFA, 0xFF, 0xFF, 0xAA, 0x01, 0x70, 0x57, 0xE2, 0xF7, 0xFF, 0xFF, 0xAA, 0x02, 0xA0, 0x8A, 0xE2,
    0x0A, 0x00, 0x53, 0xE1, 0xE2, 0xFF, 0xFF, 0xCA, 0x00, 0xA0, 0xA0, 0xE3, 0x10, 0xAF, 0x40, 0xEE,
    0x4F, 0xF0, 0x7F, 0xF5, 0x6F, 0xF0, 0x7F, 0xF5, 0xFF, 0x4E, 0xBD, 0xE8, 0x1E, 0xFF, 0x2F, 0xE1,
    0xFF, 0x4E, 0x2D, 0xE9, 0x64, 0x07, 0x0D, 0xE3, 0x04, 0x00, 0x47, 0xE3, 0x30, 0xFF, 0x2F, 0xE1,
    0xFF, 0x4E, 0xBD, 0xE8, 0x1E, 0xFF, 0x2F, 0xE1, 0x5F, 0xF0, 0x7F, 0xF5, 0x30, 0x0F, 0x30, 0xEE,
    0x07, 0x34, 0x10, 0xE2, 0xA3, 0x3B, 0xA0, 0xE1, 0x1D, 0x00, 0x00, 0x0A, 0x00, 0xA0, 0xA0, 0xE3,
    0xAA, 0x20, 0x8A, 0xE0, 0x30, 0x12, 0xA0, 0xE1, 0x07, 0x10, 0x01, 0xE2, 0x02, 0x00, 0x51, 0xE3,
    0x14, 0x00, 0x00, 0xBA, 0x00, 0x60, 0x0F, 0xE1, 0x80, 0x00, 0x0C, 0xF1, 0x10, 0xAF, 0x40, 0xEE,
    0x6F, 0xF0, 0x7F, 0xF5, 0x10, 0x1F, 0x30, 0xEE, 0x06, 0xF0, 0x21, 0xE1, 0x07, 0x20, 0x01, 0xE2,
    0x04, 0x20, 0x82, 0xE2, 0xFF, 0x43, 0x00, 0xE3, 0xA1, 0x41, 0x14, 0xE0, 0x14, 0x5F, 0x6F, 0xE1,
    0xFF, 0x7F, 0x07, 0xE3, 0xA1, 0x76, 0x17, 0xE0, 0x04, 0x90, 0xA0, 0xE1, 0x19, 0xB5, 0x8A, 0xE1,
    0x17, 0xB2, 0x8B, 0xE1, 0x5E, 0xBF, 0x07, 0xEE, 0x01, 0x90, 0x59, 0xE2, 0xFA, 0xFF, 0xFF, 0xAA,
    0x01, 0x70, 0x57, 0xE2, 0xF7, 0xFF, 0xFF, 0xAA, 0x02, 0xA0, 0x8A, 0xE2, 0x0A, 0x00, 0x53, 0xE1,
    0xE2, 0xFF, 0xFF, 0xCA, 0x00, 0xA0, 0xA0, 0xE3, 0x10, 0xAF, 0x40, 0xEE, 0x4F, 0xF0, 0x7F, 0xF5,
    0x6F, 0xF0, 0x7F, 0xF5, 0x1E, 0xFF, 0x2F, 0xE1, 0x00, 0x00, 0xA0, 0xE3, 0x10, 0x1F, 0x11, 0xEE,
    0x01, 0x0A, 0x11, 0xE3, 0x01, 0x00, 0x80, 0x12, 0x04, 0x00, 0x11, 0xE3, 0x02, 0x00, 0x80, 0x12,
    0x30, 0x1F, 0x11, 0xEE, 0x02, 0x00, 0x11, 0xE3, 0x03, 0x00, 0x00, 0x0A, 0x01, 0x00, 0x10, 0xE3,
    0x04, 0x00, 0x80, 0x12, 0x02, 0x00, 0x10, 0xE3, 0x08, 0x00, 0x80, 0x12, 0x1E, 0xFF, 0x2F, 0xE1,
    0x10, 0x0F, 0x40, 0xEE, 0x10, 0x0F, 0x30, 0xEE, 0x1E, 0xFF, 0x2F, 0xE1, 0x30, 0x1F, 0x11, 0xEE,
    0x00, 0x00, 0x50, 0xE3, 0x01, 0x00, 0x00, 0x0A, 0x02, 0x1C, 0x81, 0xE3, 0x00, 0x00, 0x00, 0xEA,
    0x02, 0x1C, 0xC1, 0xE3, 0x30, 0x1F, 0x01, 0xEE, 0x1E, 0xFF, 0x2F, 0xE1, 0x30, 0x1F, 0x11, 0xEE,
    0x02, 0x1A, 0x81, 0xE3, 0x30, 0x1F, 0x01, 0xEE, 0x1E, 0xFF, 0x2F, 0xE1, 0x80, 0xB5, 0x00, 0x20,
    0xFF, 0xF7, 0xDE, 0xEF, 0x00, 0xF0, 0x07, 0x00, 0x01, 0x38, 0xB0, 0xFA, 0x80, 0xF0, 0x40, 0x09,
    0x00, 0xF0, 0x56, 0xFA, 0x01, 0x20, 0xFF, 0xF7, 0xD4, 0xEF, 0x00, 0xF0, 0x07, 0x00, 0x01, 0x38,
    0xB0, 0xFA, 0x80, 0xF0, 0x40, 0x09, 0x00, 0xF0, 0x4B, 0xFA, 0xFF, 0xF7, 0xAE, 0xEF, 0x10, 0xB1,
    0x0F, 0x20, 0x00, 0xF0, 0x0F, 0xF8, 0x4D, 0xF6, 0xB8, 0x50, 0xC7, 0xF2, 0x04, 0x00, 0x01, 0x68,
    0x39, 0xB1, 0x40, 0x68, 0xFF, 0xF7, 0xC2, 0xEF, 0x0F, 0x20, 0xBD, 0xE8, 0x80, 0x40, 0x00, 0xF0,
    0x1E, 0xB8, 0x80, 0xBD, 0xB0, 0xB5, 0x04, 0x46, 0xFF, 0xF7, 0x96, 0xEF, 0x00, 0xEA, 0x04, 0x05,
    0xA8, 0x07, 0x07, 0xD5, 0xFF, 0xF7, 0xEC, 0xED, 0x04, 0x46, 0xFF, 0xF7, 0x28, 0xEE, 0x20, 0x46,
    0xFF, 0xF7, 0x06, 0xEE, 0xE8, 0x07, 0x08, 0xBF, 0xB0, 0xBD, 0xFF, 0xF7, 0xE2, 0xED, 0x04, 0x46,
    0xFF, 0xF7, 0x30, 0xEE, 0x20, 0x46, 0xBD, 0xE8, 0xB0, 0x40, 0x00, 0xF0, 0x2B, 0xB8, 0x10, 0xB5,
    0x04, 0x46, 0xFF, 0xF7, 0x7A, 0xEF, 0x84, 0x43, 0xA0, 0x07, 0x48, 0xBF, 0xFF, 0xF7, 0x2E, 0xEE,
    0xE0, 0x07, 0x08, 0xBF, 0x10, 0xBD, 0xBD, 0xE8, 0x10, 0x40, 0x00, 0xF0, 0x17, 0xB8, 0x70, 0xB5,
    0x16, 0x46, 0x0C, 0x46, 0x05, 0x46, 0xD0, 0x07, 0x03, 0xD0, 0x28, 0x46, 0x21, 0x46, 0xFF, 0xF7,
    0x52, 0xEE, 0xB0, 0x07, 0x58, 0xBF, 0x70, 0xBD, 0x28, 0x46, 0x21, 0x46, 0xBD, 0xE8, 0x70, 0x40,
    0x00, 0xF0, 0x00, 0xB8, 0xDF, 0xF8, 0x00, 0xF0, 0xA8, 0xD5, 0x04, 0x70, 0xDF, 0xF8, 0x00, 0xF0,
    0x90, 0xD5, 0x04, 0x70, 0xDF, 0xF8, 0x00, 0xF0, 0xFC, 0xD4, 0x04, 0x70, 0x80, 0xB5, 0x81, 0x79,
    0x02, 0x79, 0x43, 0x79, 0x01, 0xF0, 0x07, 0x01, 0x90, 0xF8, 0x03, 0xC0, 0x02, 0xF0, 0x01, 0x02,
    0x90, 0xF8, 0x01, 0xE0, 0x03, 0xF0, 0x07, 0x03, 0x80, 0x78, 0x09, 0x02, 0x41, 0xEA, 0x02, 0x31,
    0x0C, 0xF0, 0x01, 0x02, 0x00, 0xF0, 0x01, 0x00, 0x41, 0xEA, 0xC3, 0x01, 0x0E, 0xF0, 0x01, 0x03,
    0x41, 0xEA, 0x82, 0x01, 0x41, 0xEA, 0x43, 0x01, 0x08, 0x44, 0x80, 0xBD, 0x4F, 0xF4, 0x00, 0x31,
    0x4F, 0xF0, 0x80, 0x72, 0x41, 0x60, 0x02, 0x60, 0x70, 0x47, 0x2D, 0xE9, 0xF0, 0x43, 0x81, 0xB0,
    0x80, 0x46, 0x00, 0x20, 0x1D, 0x46, 0x16, 0x46, 0x0F, 0x46, 0xB8, 0xF1, 0x10, 0x0F, 0x38, 0xBF,
    0x01, 0x20, 0x00, 0xF0, 0xB5, 0xF9, 0xE8, 0x79, 0x06, 0xF0, 0x1F, 0x01, 0x2A, 0x78, 0x6F, 0xF0,
    0x01, 0x03, 0x00, 0x02, 0x02, 0xF0, 0x01, 0x02, 0x40, 0xEA, 0x41, 0x00, 0x03, 0xFA, 0x01, 0xF1,
    0x00, 0xEB, 0x02, 0x09, 0x28, 0x46, 0x07, 0xEA, 0x01, 0x07, 0xFF, 0xF7, 0xB7, 0xFF, 0x05, 0x46,
    0x00, 0xF0, 0xDE, 0xE8, 0x04, 0x46, 0x00, 0xF0, 0x17, 0xF8, 0xFF, 0xF7, 0x5A, 0xED, 0x06, 0x46,
    0x40, 0x46, 0x39, 0x46, 0x4A, 0x46, 0x2B, 0x46, 0x00, 0xF0, 0xDC, 0xE8, 0x30, 0x46, 0xFF, 0xF7,
    0x70, 0xED, 0x24, 0xB1, 0x01, 0xB0, 0xBD, 0xE8, 0xF0, 0x43, 0x00, 0xF0, 0x1E, 0xB8, 0x01, 0xB0,
    0xBD, 0xE8, 0xF0, 0x83, 0x00, 0xF0, 0xDC, 0xB8, 0xB0, 0xB5, 0x00, 0xF0, 0xC2, 0xE8, 0x98, 0xB1,
    0xFF, 0xF7, 0x3E, 0xED, 0x04, 0x46, 0xFF, 0xF7, 0xE0, 0xEE, 0x05, 0x46, 0xFF, 0xF7, 0x42, 0xFF,
    0xBF, 0xF3, 0x4F, 0x8F, 0x00, 0xF0, 0x8C, 0xE8, 0x28, 0x46, 0xFF, 0xF7, 0x58, 0xFF, 0x20, 0x46,
    0xBD, 0xE8, 0xB0, 0x40, 0x00, 0xF0, 0xC0, 0xB8, 0xB0, 0xBD, 0xB0, 0xB5, 0x00, 0xF0, 0xA8, 0xE8,
    0x00, 0xB1, 0xB0, 0xBD, 0xFF, 0xF7, 0x24, 0xED, 0x04, 0x46, 0xFF, 0xF7, 0xC6, 0xEE, 0x05, 0x46,
    0x80, 0x07, 0x02, 0xD0, 0x03, 0x20, 0xFF, 0xF7, 0x25, 0xFF, 0x00, 0xF0, 0x86, 0xE8, 0x28, 0x46,
    0xFF, 0xF7, 0x3D, 0xFF, 0xBF, 0xF3, 0x4F, 0x8F, 0x20, 0x46, 0xBF, 0xF3, 0x6F, 0x8F, 0xBD, 0xE8,
    0xB0, 0x40, 0x00, 0xF0, 0xA1, 0xB8, 0x70, 0xB5, 0x00, 0xF0, 0x8A, 0xE8, 0x08, 0xB1, 0xFF, 0xF7,
    0xC3, 0xFF, 0x00, 0xF0, 0x6A, 0xE8, 0x4D, 0xF6, 0xC0, 0x55, 0x00, 0x20, 0xC7, 0xF2, 0x04, 0x05,
    0x29, 0x68, 0x10, 0x29, 0x38, 0xBF, 0x01, 0x20, 0x00, 0xF0, 0x3A, 0xF9, 0x28, 0x68, 0x80, 0xB1,
    0x4D, 0xF6, 0xCC, 0x50, 0x00, 0x24, 0xC7, 0xF2, 0x04, 0x00, 0x06, 0x1D, 0x56, 0xE9, 0x01, 0x12,
    0x33, 0x1D, 0x20, 0x46, 0xFF, 0xF7, 0x69, 0xFF, 0x28, 0x68, 0x01, 0x34, 0x10, 0x36, 0x84, 0x42,
    0xF4, 0xD3, 0x68, 0x68, 0x08, 0xB1, 0x00, 0xF0, 0x5C, 0xE8, 0xA8, 0x68, 0x18, 0xB1, 0xBD, 0xE8,
    0x70, 0x40, 0xFF, 0xF7, 0xB2, 0xBF, 0x70, 0xBD, 0x4D, 0xF6, 0xC0, 0x53, 0xC7, 0xF2, 0x04, 0x03,
    0x1B, 0x68, 0x43, 0xB3, 0xB0, 0xB5, 0x4D, 0xF6, 0xCC, 0x54, 0x01, 0xEB, 0x00, 0x0C, 0xC7, 0xF2,
    0x04, 0x04, 0x4F, 0xF0, 0x01, 0x0E, 0x04, 0xF1, 0x0E, 0x01, 0x51, 0xF8, 0x0E, 0x4C, 0x84, 0x42,
    0x14, 0xD8, 0x51, 0xF8, 0x0A, 0x5C, 0x01, 0x35, 0x0E, 0xFA, 0x05, 0xF5, 0x2C, 0x44, 0xA4, 0x45,
    0x0C, 0xD8, 0x0C, 0x78, 0x01, 0x2A, 0x07, 0xD1, 0x06, 0x2C, 0x07, 0xD8, 0x0E, 0xFA, 0x04, 0xF4,
    0x14, 0xF0, 0x4C, 0x0F, 0x02, 0xD0, 0x08, 0xE0, 0x03, 0x2C, 0x06, 0xD0, 0x10, 0x31, 0x01, 0x3B,
    0xE3, 0xD1, 0x00, 0x20, 0xB0, 0xBD, 0x00, 0x20, 0x70, 0x47, 0x01, 0x20, 0xB0, 0xBD, 0x00, 0x00,
    0x10, 0x0F, 0x11, 0xEE, 0x01, 0x00, 0xC0, 0xE3, 0x4F, 0xF0, 0x7F, 0xF5, 0x10, 0x0F, 0x01, 0xEE,
    0x6F, 0xF0, 0x7F, 0xF5, 0x1E, 0xFF, 0x2F, 0xE1, 0x10, 0x0F, 0x11, 0xEE, 0x02, 0x08, 0xC0, 0xE3,
    0x10, 0x0F, 0x01, 0xEE, 0x1E, 0xFF, 0x2F, 0xE1, 0x10, 0x0F, 0x11, 0xEE, 0x01, 0x00, 0x80, 0xE3,
    0x4F, 0xF0, 0x7F, 0xF5, 0x10, 0x0F, 0x01, 0xEE, 0x6F, 0xF0, 0x7F, 0xF5, 0x1E, 0xFF, 0x2F, 0xE1,
    0x10, 0x0F, 0x11, 0xEE, 0x02, 0x08, 0x80, 0xE3, 0x10, 0x0F, 0x01, 0xEE, 0x1E, 0xFF, 0x2F, 0xE1,
    0x00, 0x00, 0xA0, 0xE3, 0x10, 0x1F, 0x11, 0xEE, 0x01, 0x00, 0x11, 0xE3, 0x01, 0x00, 0xA0, 0x13,
    0x1E, 0xFF, 0x2F, 0xE1, 0x12, 0x0F, 0x06, 0xEE, 0x11, 0x1F, 0x06, 0xEE, 0x51, 0x2F, 0x06, 0xEE,
    0x91, 0x3F, 0x06, 0xEE, 0x1E, 0xFF, 0x2F, 0xE1, 0xDF, 0xF8, 0x00, 0xF0, 0xFC, 0xD4, 0x04, 0x70,
    0xDF, 0xF8, 0x00, 0xF0, 0xBC, 0xDB, 0x04, 0x70, 0x00, 0x00, 0x00, 0x00, 0xB0, 0x1F, 0x10, 0xEE,
    0x1F, 0x14, 0xDF, 0xE7, 0x00, 0x00, 0x51, 0xE3, 0x01, 0x00, 0x00, 0x1A, 0x08, 0x10, 0x9F, 0xE5,
    0x31, 0xFF, 0x2F, 0xE1, 0x03, 0xF0, 0x20, 0xE3, 0xFD, 0xFF, 0xFF, 0xEA, 0x1C, 0xDC, 0x04, 0x70,
    0x00, 0x00, 0x0F, 0xE1, 0xC0, 0x00, 0x80, 0xE3, 0x00, 0xF0, 0x29, 0xE1, 0x50, 0x0F, 0x11, 0xEE,
    0x0F, 0x36, 0xA0, 0xE3, 0x03, 0x00, 0x80, 0xE1, 0x50, 0x0F, 0x01, 0xEE, 0x01, 0x01, 0xA0, 0xE3,
    0x10, 0x0A, 0xE8, 0xEE, 0x00, 0x00, 0x0F, 0xE1, 0x1F, 0x00, 0xC0, 0xE3, 0x11, 0x00, 0x80, 0xE3,
    0x00, 0xF0, 0x29, 0xE1, 0xD4, 0xD0, 0x9F, 0xE5, 0x00, 0x00, 0x0F, 0xE1, 0x1F, 0x00, 0xC0, 0xE3,
    0x12, 0x00, 0x80, 0xE3, 0x00, 0xF0, 0x29, 0xE1, 0xBC, 0xD0, 0x9F, 0xE5, 0x00, 0x00, 0x0F, 0xE1,
    0x1F, 0x00, 0xC0, 0xE3, 0x13, 0x00, 0x80, 0xE3, 0x00, 0xF0, 0x29, 0xE1, 0xB0, 0xD0, 0x9F, 0xE5,
    0x00, 0x00, 0x0F, 0xE1, 0x1F, 0x00, 0xC0, 0xE3, 0x17, 0x00, 0x80, 0xE3, 0x00, 0xF0, 0x29, 0xE1,
    0xA0, 0xD0, 0x9F, 0xE5, 0x00, 0x00, 0x0F, 0xE1, 0x1F, 0x00, 0xC0, 0xE3, 0x1B, 0x00, 0x80, 0xE3,
    0x00, 0xF0, 0x29, 0xE1, 0x90, 0xD0, 0x9F, 0xE5, 0x00, 0x00, 0x0F, 0xE1, 0x1F, 0x00, 0xC0, 0xE3,
    0x1F, 0x00, 0x80, 0xE3, 0x00, 0xF0, 0x29, 0xE1, 0x68, 0xD0, 0x9F, 0xE5, 0x10, 0x0F, 0x11, 0xEE,
    0x04, 0x00, 0xC0, 0xE3, 0x01, 0x0A, 0xC0, 0xE3, 0x4F, 0xF0, 0x7F, 0xF5, 0x10, 0x0F, 0x01, 0xEE,
    0x6F, 0xF0, 0x7F, 0xF5, 0x30, 0x1F, 0x11, 0xEE, 0x08, 0x10, 0x81, 0xE3, 0x20, 0x10, 0x81, 0xE3,
    0x30, 0x1F, 0x01, 0xEE, 0x15, 0x0F, 0x0F, 0xEE, 0x15, 0x0F, 0x07, 0xEE, 0x10, 0x0F, 0x11, 0xEE,
    0x04, 0x00, 0x80, 0xE3, 0x01, 0x0A, 0x80, 0xE3, 0x4F, 0xF0, 0x7F, 0xF5, 0x10, 0x0F, 0x01, 0xEE,
    0x6F, 0xF0, 0x7F, 0xF5, 0x1B, 0x00, 0x00, 0xFB, 0x13, 0x00, 0x00, 0xFB, 0x00, 0x00, 0x50, 0xE3,
    0x00, 0x00, 0x00, 0x0A, 0x22, 0x00, 0x00, 0xEB, 0x1E, 0x00, 0x00, 0xEB, 0x01, 0x00, 0xA0, 0xE3,
    0x1A, 0x00, 0x00, 0xEB, 0xFE, 0xFF, 0xFF, 0xEA, 0xC0, 0xCB, 0x04, 0x70, 0xF0, 0xE1, 0x04, 0x70,
    0xF0, 0xE2, 0x04, 0x70, 0xF0, 0xF2, 0x04, 0x70, 0xF0, 0xF3, 0x04, 0x70, 0xF0, 0xF4, 0x04, 0x70,
    0x00, 0xB1, 0x70, 0x47, 0x80, 0xB5, 0x82, 0xB0, 0x01, 0x20, 0x01, 0x90, 0xFF, 0xF7, 0xB8, 0xEB,
    0x01, 0x98, 0x00, 0x28, 0xFC, 0xD1, 0x02, 0xB0, 0xBD, 0xE8, 0x80, 0x40, 0x70, 0x47, 0x80, 0xB5,
    0x40, 0xF2, 0x00, 0x00, 0x40, 0xF6, 0xC0, 0x31, 0xC7, 0xF2, 0x04, 0x00, 0xC7, 0xF2, 0x04, 0x01,
    0x09, 0x1A, 0x00, 0xF0, 0x0A, 0xE8, 0x01, 0x20, 0x80, 0xBD, 0x80, 0xB5, 0xFF, 0xF7, 0x93, 0xFE,
    0xBD, 0xE8, 0x80, 0x40, 0xFF, 0xF7, 0x7A, 0xBD, 0x04, 0xF0, 0x1F, 0xE5, 0x68, 0x5B, 0x30, 0x80,
    0x04, 0xF0, 0x1F, 0xE5, 0xBC, 0x4B, 0x30, 0x80, 0x00, 0xC0, 0x9F, 0xE5, 0x1C, 0xFF, 0x2F, 0xE1,
    0x9B, 0x58, 0x30, 0x80, 0x04, 0xF0, 0x1F, 0xE5, 0x64, 0x4C, 0x30, 0x80, 0x00, 0x00, 0x00, 0xEB,
    0xFE, 0xFF, 0xFF, 0xEA, 0x04, 0xF0, 0x1F, 0xE5, 0xCC, 0x5B, 0x30, 0x80, 0x01, 0x00, 0x00, 0x00,
    0x00, 0x00, 0x00, 0x00, 0x05, 0x00, 0x00, 0x00, 0x00, 0x00, 0x00, 0x00, 0x01, 0x00, 0x00, 0x00,
    0x00, 0x00, 0x00, 0x00, 0x1E, 0x00, 0x00, 0x00, 0x01, 0x00, 0x00, 0x01, 0x01, 0x00, 0x02, 0x00,
    0x00, 0x00, 0x00, 0x00, 0x0E, 0x00, 0x00, 0x00, 0x01, 0x01, 0x01, 0x00, 0x00, 0x01, 0x02, 0x00,
    0x00, 0x00, 0x08, 0x00, 0x0E, 0x00, 0x00, 0x00, 0x01, 0x01, 0x01, 0x00, 0x00, 0x01, 0x02, 0x00,
    0x00, 0x00, 0x00, 0x70, 0x14, 0x00, 0x00, 0x00, 0x01, 0x01, 0x01, 0x00, 0x00, 0x01, 0x02, 0x00,
    0x00, 0x00, 0x00, 0x80, 0x17, 0x00, 0x00, 0x00, 0x01, 0x01, 0x01, 0x00, 0x00, 0x01, 0x06, 0x00,
    0x00, 0x00, 0x00, 0x00, 0x00, 0x00, 0x00, 0x00, 0x00, 0x00, 0x00, 0x00, 0x00, 0x00, 0x00, 0x00,
    0x00, 0x00, 0x00, 0x00, 0x00, 0x00, 0x00, 0x00, 0x12, 0x00, 0x00, 0x00, 0x01, 0x00, 0x00, 0x00,
    0x00, 0x00, 0x00, 0x00, 0x00, 0x00, 0x00, 0x00, 0x00, 0x00, 0x00, 0x00, 0x00, 0x00, 0x00, 0x00,
    0x22, 0x00, 0x00, 0x00, 0x02, 0x00, 0x00, 0x00, 0x00, 0x00, 0x00, 0x00, 0x00, 0x00, 0x00, 0x00,
    0x00, 0x00, 0x00, 0x00, 0x00, 0x00, 0x00, 0x00, 0x24, 0x00, 0x00, 0x00, 0xFF, 0xFF, 0xFF, 0xFF,
    0x00, 0x00, 0x00, 0x00, 0x00, 0x00, 0x00, 0x00, 0x00, 0x00, 0x00, 0x00, 0x00, 0x00, 0x00, 0x00,
    0x00, 0x00, 0x00, 0x00, 0xFF, 0xFF, 0xFF, 0xFF, 0x00, 0x00, 0x00, 0x00, 0x00, 0x00, 0x00, 0x00,
    0x00, 0x00, 0x00, 0x00, 0x00, 0x00, 0x00, 0x00, 0x00, 0x00, 0x00, 0x00, 0xFF, 0xFF, 0xFF, 0xFF,
    0x00, 0x00, 0x00, 0x00, 0x00, 0x00, 0x00, 0x00, 0x00, 0x00, 0x00, 0x00, 0x00, 0x00, 0x00, 0x00,
    0x00, 0x00, 0x00, 0x00, 0xFF, 0xFF, 0xFF, 0xFF, 0x00, 0x00, 0x00, 0x00, 0x00, 0x00, 0x00, 0x00,
    0x00, 0x00, 0x00, 0x00, 0x00, 0x00, 0x00, 0x00, 0x00, 0x00, 0x00, 0x00, 0xFF, 0xFF, 0xFF, 0xFF,
    0x00, 0x00, 0x00, 0x00, 0x00, 0x00, 0x00, 0x00, 0x00, 0x00, 0x00, 0x00, 0x00, 0x00, 0x00, 0x00,
    0x00, 0x00, 0x00, 0x00, 0xFF, 0xFF, 0xFF, 0xFF, 0x00, 0x00, 0x00, 0x00, 0x00, 0x00, 0x00, 0x00,
    0x00, 0x00, 0x00, 0x00, 0x00, 0x00, 0x00, 0x00, 0x00, 0x00, 0x00, 0x00, 0xFF, 0xFF, 0xFF, 0xFF,
    0x00, 0x00, 0x00, 0x00, 0x00, 0x00, 0x00, 0x00, 0x00, 0x00, 0x00, 0x00, 0x00, 0x00, 0x00, 0x00,
    0x00, 0x00, 0x00, 0x00, 0x00, 0x00, 0x00, 0x00, 0x00, 0x00, 0x00, 0x00, 0x00, 0x00, 0x02, 0x00,
    0x20, 0x40, 0x30, 0x80, 0x38, 0x48, 0x30, 0x80, 0xE0, 0x42, 0x30, 0x80, 0x64, 0x43, 0x30, 0x80,
    0xF4, 0x3E, 0x30, 0x80, 0xC8, 0x45, 0x30, 0x80, 0x78, 0x3C, 0x30, 0x80, 0x00, 0x00, 0x00, 0x00,
    0x00, 0x00, 0x00, 0x00, 0x00, 0x00, 0x00, 0x00, 0x00, 0x00, 0x00, 0x00, 0x00, 0x00, 0x00, 0x00,
    0x00, 0x00, 0x00, 0x00, 0x00, 0x00, 0x00, 0x00, 0x00, 0x00, 0x00, 0x00, 0x00, 0x00, 0x00, 0x00,
    0x00, 0x00, 0x00, 0x00, 0x00, 0x00, 0x00, 0x00, 0x00, 0x00, 0x00, 0x00, 0x00, 0x00, 0x00, 0x00,
    0x00, 0x00, 0x00, 0x00, 0x00, 0x00, 0x00, 0x00, 0x00, 0x00, 0x00, 0x00, 0x00, 0x00, 0x00, 0x00,
    0x00, 0x00, 0x00, 0x00, 0x00, 0x00, 0x00, 0x00, 0x00, 0x00, 0x00, 0x00, 0x00, 0xC2, 0x01, 0x00,
    0x03, 0x00, 0x00, 0x00, 0x00, 0x00, 0x00, 0x00, 0x00, 0x00, 0x00, 0x00, 0x00, 0x00, 0x00, 0x00,
    0x00, 0x00, 0x00, 0x00, 0x00, 0x00, 0x00, 0x00, 0x00, 0x00, 0x00, 0x00, 0x00, 0x00, 0x00, 0x00,
    0x00, 0x00, 0x00, 0x00, 0x10, 0x00, 0x00, 0x00, 0x01, 0x00, 0x00, 0x00, 0x49, 0x00, 0x00, 0x00,
    0x04, 0x00, 0x00, 0x00, 0x00, 0x00, 0x00, 0x00, 0xFF, 0xFF, 0xFF, 0xFF, 0x00, 0x00, 0x00, 0x00,
    0x08, 0x00, 0x00, 0x00, 0x20, 0x00, 0x00, 0x00, 0x00, 0x00, 0x00, 0x00, 0x00, 0x00, 0x00, 0x00,
    0x00, 0x00, 0x00, 0x00, 0x10, 0xDF, 0x04, 0x70, 0x00, 0x00, 0x00, 0x00, 0x10, 0xDF, 0x04, 0x70,
    0x01, 0x00, 0x00, 0x00, 0x10, 0xDF, 0x04, 0x70, 0x02, 0x00, 0x00, 0x00, 0x00, 0x00, 0x00, 0x00,
    0x00, 0x00, 0x00, 0x00, 0x00, 0x00, 0x00, 0x00, 0x00, 0x00, 0x00, 0x00, 0x00, 0x00, 0x00, 0x00,
    0x00, 0x00, 0x00, 0x00, 0x00, 0x00, 0x00, 0x00, 0x00, 0x00, 0x00, 0x00, 0x00, 0x00, 0x00, 0x00,
    0x00, 0x00, 0x00, 0x00, 0x00, 0x00, 0x00, 0x00, 0x00, 0x00, 0x00, 0x00, 0x00, 0x00, 0x00, 0x00,
    0x00, 0x00, 0x00, 0x00, 0x00, 0x00, 0x18, 0x52, 0x7C, 0x00, 0x00, 0x00, 0x40, 0x78, 0x7D, 0x01,
    0x01, 0x00, 0x00, 0x00, 0xE8, 0x03, 0x00, 0x00, 0x0F, 0x01, 0x00, 0x00, 0x6C, 0x00, 0x00, 0x00,
    0x00, 0x05, 0x00, 0x00, 0x70, 0x00, 0x00, 0x00, 0x00, 0x05, 0x00, 0x00, 0xFF, 0xFF, 0x00, 0x00,
    0xFF, 0xFF, 0xFF, 0xFF, 0x18, 0x00, 0x00, 0x00, 0x0C, 0x00, 0x00, 0x00, 0x00, 0xB0, 0x71, 0x0B,
    0xFF, 0xFF, 0xFF, 0xFF, 0xFF, 0xFF, 0xFF, 0xFF, 0xFF, 0xFF, 0xFF, 0xFF, 0x00, 0x00, 0x00, 0x00,
    0x00, 0x00, 0x00, 0x00, 0x00, 0x00, 0x00, 0x00, 0x00, 0x00, 0x00, 0x00, 0x00, 0x00, 0x00, 0x00,
    0x03, 0x00, 0x00, 0x00, 0x00, 0x00, 0x00, 0x00, 0x00, 0x00, 0x00, 0x00, 0x00, 0x00, 0x00, 0x00,
    0x00, 0x00, 0x00, 0x00, 0x00, 0x00, 0x00, 0x00, 0x18, 0x00, 0x00, 0x00, 0xFF, 0xFF, 0xFF, 0xFF,
    0x00, 0x00, 0x30, 0x52, 0x00, 0xB0, 0x71, 0x0B, 0xAC, 0xE0, 0x04, 0x70, 0x10, 0x08, 0x04, 0x70,
    0x28, 0x5C, 0x30, 0x80, 0x00, 0x00, 0x00, 0x00, 0x00, 0x00, 0x00, 0x00, 0x28, 0x5C, 0x30, 0x80,
    0x01, 0x00, 0x00, 0x00, 0xFF, 0xFF, 0xFF, 0xFF, 0x00, 0x00, 0x00, 0x00, 0x00, 0x00, 0xF0, 0x50,
    0x01, 0x00, 0x00, 0x00, 0x00, 0x00, 0x00, 0x00, 0x00, 0x00, 0x00, 0x00, 0x00, 0x00, 0x00, 0x00,
    0x00, 0x00, 0x00, 0x00, 0x00, 0x00, 0x00, 0x00, 0x00, 0x00, 0x00, 0x00, 0x00, 0x00, 0x00, 0x00,
    0x00, 0x00, 0x00, 0x00, 0x10, 0x5A, 0x76, 0xAF, 0x66, 0x47, 0x17, 0x9F, 0x55, 0x85, 0x53, 0xAB,
    0x4A, 0xDE, 0x5D, 0xD9, 0x33, 0x14, 0x1F, 0x18, 0x1E, 0x09, 0x8A, 0xA3, 0x06, 0x72, 0x72, 0x51,
    0x59, 0x4C, 0x4F, 0x70
};
const unsigned int mcelf_file_len = 5844;
uint8_t mcelfxip_file[25788] = {
        0x7F, 0x45, 0x4C, 0x46, 0x01, 0x01, 0x01, 0x00, 0x00, 0x00, 0x00, 0x00, 0x00, 0x00, 0x00, 0x00,
    0x02, 0x00, 0x28, 0x00, 0x01, 0x00, 0x00, 0x00, 0x00, 0x00, 0x00, 0x00, 0x34, 0x00, 0x00, 0x00,
    0x00, 0x00, 0x00, 0x00, 0x00, 0x00, 0x00, 0x05, 0x34, 0x00, 0x20, 0x00, 0x02, 0x00, 0x28, 0x00,
    0x00, 0x00, 0x00, 0x00, 0x04, 0x00, 0x00, 0x00, 0x74, 0x00, 0x00, 0x00, 0x00, 0x00, 0x00, 0x00,
    0x00, 0x00, 0x00, 0x00, 0x80, 0x00, 0x00, 0x00, 0x80, 0x00, 0x00, 0x00, 0x00, 0x00, 0x00, 0x00,
    0x00, 0x00, 0x00, 0x00, 0x01, 0x00, 0x00, 0x00, 0xF4, 0x00, 0x00, 0x00, 0x00, 0x00, 0x30, 0x80,
    0x00, 0x00, 0x30, 0x80, 0xC8, 0x63, 0x00, 0x00, 0xC8, 0x63, 0x00, 0x00, 0x05, 0x00, 0x00, 0x00,
    0x20, 0x00, 0x00, 0x00, 0x12, 0x00, 0x00, 0x00, 0x00, 0x00, 0x00, 0x00, 0x55, 0x55, 0xAA, 0xAA,
    0x54, 0x65, 0x78, 0x61, 0x73, 0x20, 0x49, 0x6E, 0x73, 0x74, 0x72, 0x75, 0x6D, 0x65, 0x6E, 0x74,
    0x73, 0x20, 0x00, 0x00, 0x0C, 0x00, 0x00, 0x00, 0x01, 0x00, 0x00, 0x00, 0x77, 0x77, 0xBB, 0xBB,
    0x53, 0x65, 0x67, 0x6D, 0x65, 0x6E, 0x74, 0x20, 0x4D, 0x61, 0x70, 0x20, 0x00, 0x00, 0x00, 0x00,
    0x0D, 0x00, 0x00, 0x00, 0x08, 0x00, 0x00, 0x00, 0x99, 0x99, 0xCC, 0xCC, 0x45, 0x6E, 0x74, 0x72,
    0x79, 0x20, 0x50, 0x6F, 0x69, 0x6E, 0x74, 0x73, 0x20, 0x00, 0x00, 0x00, 0x00, 0x00, 0x00, 0x00,
    0x00, 0x00, 0x00, 0x00, 0x0A, 0x00, 0x00, 0x00, 0x08, 0x00, 0x00, 0x00, 0xBB, 0xBB, 0xDD, 0xDD,
    0x6F, 0x74, 0x66, 0x61, 0x43, 0x6F, 0x6E, 0x66, 0x69, 0x67, 0x00, 0x00, 0x00, 0x01, 0x04, 0x10,
    0x00, 0x00, 0x00, 0x00, 0x2D, 0xE9, 0xF0, 0x4F, 0x91, 0xB0, 0x89, 0x46, 0x1A, 0x99, 0x44, 0xF6,
    0xBB, 0x38, 0x1D, 0x46, 0xC8, 0xF2, 0x30, 0x08, 0x16, 0x46, 0xB9, 0xF1, 0x00, 0x0F, 0x4F, 0xF0,
    0x00, 0x04, 0x10, 0x91, 0x18, 0xBF, 0x80, 0x46, 0x0F, 0x92, 0x05, 0xF1, 0x01, 0x0A, 0x28, 0x78,
    0x27, 0x46, 0x00, 0x28, 0x00, 0xF0, 0x9A, 0x82, 0x25, 0x28, 0x08, 0xD0, 0x49, 0x46, 0x3A, 0x46,
    0x33, 0x46, 0x7C, 0x1C, 0xC0, 0x47, 0x01, 0x35, 0x0A, 0xF1, 0x01, 0x0A, 0xEF, 0xE7, 0x00, 0x24,
    0x9A, 0xF8, 0x00, 0x00, 0x2A, 0x28, 0x07, 0xDD, 0x2B, 0x28, 0x0F, 0xD0, 0x30, 0x28, 0x09, 0xD0,
    0x2D, 0x28, 0x10, 0xD1, 0x02, 0x20, 0x0A, 0xE0, 0x20, 0x28, 0x05, 0xD0, 0x23, 0x28, 0x0A, 0xD1,
    0x10, 0x20, 0x04, 0xE0, 0x01, 0x20, 0x02, 0xE0, 0x08, 0x20, 0x00, 0xE0, 0x04, 0x20, 0x04, 0x43,
    0x0A, 0xF1, 0x01, 0x0A, 0xE4, 0xE7, 0xA0, 0xF1, 0x30, 0x01, 0xC9, 0xB2, 0x09, 0x29, 0x11, 0xD8,
    0x00, 0x25, 0x05, 0xEB, 0x85, 0x02, 0x01, 0x46, 0x1A, 0xF8, 0x01, 0x0F, 0x4F, 0xEA, 0x42, 0x02,
    0xA0, 0xF1, 0x30, 0x03, 0x52, 0xFA, 0x81, 0xF1, 0xDA, 0xB2, 0xA1, 0xF1, 0x30, 0x05, 0x0A, 0x2A,
    0xEF, 0xD3, 0x11, 0xE0, 0x2A, 0x28, 0x0E, 0xD1, 0x10, 0x99, 0x51, 0xF8, 0x04, 0x0B, 0x10, 0x91,
    0x05, 0x46, 0x00, 0x28, 0x00, 0xD5, 0x45, 0x42, 0x02, 0x21, 0x01, 0xEA, 0x90, 0x71, 0x1A, 0xF8,
    0x01, 0x0F, 0x0C, 0x43, 0x00, 0xE0, 0x00, 0x25, 0x2E, 0x28, 0x2B, 0xD1, 0x51, 0x46, 0x44, 0xF4,
    0x80, 0x64, 0x11, 0xF8, 0x01, 0x0F, 0xA0, 0xF1, 0x30, 0x02, 0xD2, 0xB2, 0x09, 0x2A, 0x15, 0xD8,
    0x0A, 0xF1, 0x02, 0x01, 0x4F, 0xF0, 0x00, 0x0B, 0x0B, 0xEB, 0x8B, 0x02, 0x4F, 0xEA, 0x42, 0x02,
    0x52, 0xFA, 0x80, 0xF2, 0x11, 0xF8, 0x01, 0x0B, 0xA2, 0xF1, 0x30, 0x0B, 0xA0, 0xF1, 0x30, 0x03,
    0xDB, 0xB2, 0x0A, 0x2B, 0xF0, 0xD3, 0xA1, 0xF1, 0x01, 0x0A, 0x0D, 0xE0, 0x2A, 0x28, 0x08, 0xD1,
    0x10, 0x98, 0x50, 0xF8, 0x04, 0x1B, 0x10, 0x90, 0x1A, 0xF8, 0x02, 0x0F, 0x21, 0xEA, 0xE1, 0x7B,
    0x02, 0xE0, 0x8A, 0x46, 0x4F, 0xF0, 0x00, 0x0B, 0xA0, 0xF1, 0x68, 0x01, 0x4F, 0xEA, 0x71, 0x03,
    0x09, 0x2B, 0x24, 0xD8, 0x4F, 0xF4, 0x80, 0x72, 0x01, 0x21, 0xDF, 0xE8, 0x03, 0xF0, 0x05, 0x0E,
    0x11, 0x20, 0x20, 0x20, 0x1A, 0x20, 0x20, 0x1A, 0x51, 0x46, 0x11, 0xF8, 0x01, 0x0F, 0x68, 0x28,
    0x40, 0xF0, 0x7C, 0x80, 0x02, 0x21, 0xC0, 0x22, 0x0B, 0xE0, 0x4F, 0xF4, 0x00, 0x72, 0x08, 0xE0,
    0x51, 0x46, 0x11, 0xF8, 0x01, 0x0F, 0x6C, 0x28, 0x40, 0xF0, 0x73, 0x80, 0x02, 0x21, 0x4F, 0xF4,
    0x40, 0x72, 0x0A, 0xEB, 0x01, 0x03, 0x1A, 0xF8, 0x01, 0x00, 0x14, 0x43, 0x9A, 0x46, 0x46, 0x28,
    0x17, 0xDD, 0xA0, 0xF1, 0x62, 0x03, 0x10, 0x21, 0x16, 0x2B, 0x31, 0xD8, 0x08, 0x22, 0xDF, 0xE8,
    0x03, 0xF0, 0xB2, 0x81, 0x0C, 0x3F, 0x16, 0x3D, 0x64, 0x0C, 0x64, 0x64, 0x64, 0x64, 0x64, 0xB3,
    0x6B, 0x64, 0x64, 0x87, 0x64, 0x0C, 0x64, 0x64, 0x33, 0x00, 0x24, 0xF0, 0x10, 0x04, 0x0A, 0x21,
    0x22, 0xE0, 0x25, 0x28, 0x44, 0xD0, 0x45, 0x28, 0x2A, 0xD0, 0x46, 0x28, 0x4D, 0xD1, 0x10, 0x99,
    0x46, 0x28, 0x3A, 0x46, 0x01, 0xF1, 0x07, 0x01, 0x21, 0xF0, 0x07, 0x01, 0x01, 0xF1, 0x08, 0x00,
    0x91, 0xED, 0x00, 0x0B, 0x08, 0xBF, 0x44, 0xF0, 0x20, 0x04, 0x0F, 0x9E, 0x49, 0x46, 0x10, 0x90,
    0x40, 0x46, 0xCD, 0xE9, 0x00, 0xB5, 0x02, 0x94, 0x33, 0x46, 0x00, 0xF0, 0xC3, 0xF9, 0x0F, 0xE1,
    0x47, 0x28, 0x0B, 0xD0, 0x58, 0x28, 0x30, 0xD1, 0x58, 0x28, 0x08, 0xBF, 0x44, 0xF0, 0x20, 0x04,
    0x64, 0x28, 0x7C, 0xD0, 0x0A, 0x46, 0x69, 0x28, 0x79, 0xD0, 0x75, 0xE0, 0x44, 0xF4, 0x00, 0x64,
    0x40, 0xF0, 0x02, 0x00, 0x49, 0x46, 0x3A, 0x46, 0x47, 0x28, 0x08, 0xBF, 0x44, 0xF0, 0x20, 0x04,
    0xDD, 0xE9, 0x0F, 0x60, 0x07, 0x30, 0x20, 0xF0, 0x07, 0x00, 0x33, 0x46, 0xB0, 0xEC, 0x02, 0x0B,
    0xCD, 0xE9, 0x00, 0xB5, 0x10, 0x90, 0x40, 0x46, 0x02, 0x94, 0x00, 0xF0, 0x1B, 0xFF, 0xE7, 0xE0,
    0x0F, 0x9E, 0x7C, 0x1C, 0x49, 0x46, 0x3A, 0x46, 0x25, 0x20, 0x0A, 0xE0, 0x44, 0xF0, 0x80, 0x04,
    0x01, 0xE0, 0x44, 0xF4, 0x80, 0x74, 0x8A, 0x46, 0x91, 0xE7, 0x0F, 0x9E, 0x7C, 0x1C, 0x49, 0x46,
    0x3A, 0x46, 0x33, 0x46, 0xC0, 0x47, 0xD4, 0xE0, 0x10, 0x99, 0x3A, 0x46, 0x00, 0x27, 0x0F, 0x9E,
    0x51, 0xF8, 0x04, 0x0B, 0x01, 0x97, 0x10, 0x27, 0x10, 0x91, 0x44, 0xF0, 0x21, 0x01, 0x02, 0x97,
    0x08, 0x27, 0x00, 0x90, 0x40, 0x46, 0xCD, 0xF8, 0x0C, 0xB0, 0x33, 0x46, 0x05, 0x91, 0x49, 0x46,
    0x04, 0x97, 0xBB, 0xE0, 0x5F, 0xEA, 0x84, 0x7B, 0x40, 0xF1, 0xCE, 0x80, 0x01, 0x20, 0x0E, 0xE1,
    0x10, 0x98, 0x50, 0xF8, 0x04, 0xCB, 0x10, 0x90, 0x9C, 0xF8, 0x00, 0x00, 0x61, 0x46, 0x70, 0xB1,
    0x59, 0x46, 0xBB, 0xF1, 0x00, 0x0F, 0x08, 0xBF, 0x4F, 0xF0, 0xFF, 0x31, 0x4A, 0x1E, 0x61, 0x46,
    0x11, 0xF8, 0x01, 0x3F, 0x1B, 0xB1, 0x53, 0x1E, 0x00, 0x2A, 0x1A, 0x46, 0xF8, 0xD1, 0xA1, 0xEB,
    0x0C, 0x02, 0x59, 0x46, 0x5A, 0x45, 0x38, 0xBF, 0x11, 0x46, 0x5F, 0xEA, 0x44, 0x53, 0x0D, 0x93,
    0x58, 0xBF, 0x11, 0x46, 0x5F, 0xEA, 0x84, 0x72, 0xCD, 0xF8, 0x38, 0x80, 0x0C, 0x92, 0x40, 0xF1,
    0xBC, 0x80, 0x0F, 0x9E, 0x01, 0xE1, 0x02, 0x22, 0x24, 0xF0, 0x0C, 0x04, 0x11, 0x46, 0x62, 0x05,
    0x48, 0xBF, 0x24, 0xF0, 0x01, 0x04, 0x69, 0x28, 0x18, 0xBF, 0x64, 0x28, 0x2D, 0xD1, 0xA0, 0x05,
    0x09, 0xD4, 0xE0, 0x05, 0x36, 0xD4, 0x60, 0x06, 0x62, 0xD4, 0x10, 0x98, 0x22, 0x06, 0x00, 0x68,
    0x48, 0xBF, 0x00, 0xB2, 0x5E, 0xE0, 0x10, 0x98, 0x07, 0x30, 0x20, 0xF0, 0x07, 0x00, 0x03, 0x46,
    0x40, 0x68, 0x53, 0xF8, 0x08, 0x2B, 0x10, 0x93, 0x80, 0xEA, 0xE0, 0x73, 0x04, 0x91, 0x00, 0x21,
    0x82, 0xEA, 0xE0, 0x72, 0xCD, 0xE9, 0x07, 0x54, 0xB2, 0xEB, 0xE0, 0x76, 0x4F, 0xEA, 0xD0, 0x75,
    0x63, 0xEB, 0xE0, 0x7C, 0x0F, 0x9B, 0xCD, 0xE9, 0x05, 0x1B, 0x40, 0x46, 0x49, 0x46, 0x3A, 0x46,
    0x00, 0x96, 0x1E, 0x46, 0xCD, 0xE9, 0x01, 0xC5, 0x37, 0xE0, 0xA0, 0x05, 0x1B, 0xD4, 0xE0, 0x05,
    0x52, 0xD4, 0x60, 0x06, 0x00, 0xF1, 0x93, 0x80, 0x10, 0x9B, 0x22, 0x06, 0x18, 0x68, 0x48, 0xBF,
    0x80, 0xB2, 0x8E, 0xE0, 0x10, 0x9A, 0x52, 0xF8, 0x04, 0x0B, 0x10, 0x92, 0x02, 0x46, 0x00, 0x28,
    0x00, 0xD5, 0x42, 0x42, 0xC0, 0x0F, 0x0F, 0x9E, 0xCD, 0xE9, 0x00, 0x20, 0x40, 0x46, 0x02, 0x91,
    0x49, 0x46, 0x3A, 0x46, 0x2D, 0xE0, 0x10, 0x98, 0x0F, 0x9B, 0x07, 0x30, 0x20, 0xF0, 0x07, 0x00,
    0x02, 0x46, 0xD0, 0xF8, 0x04, 0xC0, 0x00, 0x20, 0x52, 0xF8, 0x08, 0x6B, 0x10, 0x92, 0x3A, 0x46,
    0x04, 0x91, 0x49, 0x46, 0xCD, 0xE9, 0x05, 0x0B, 0x40, 0x46, 0x00, 0x96, 0x1E, 0x46, 0x00, 0x27,
    0xCD, 0xE9, 0x07, 0x54, 0xCD, 0xF8, 0x04, 0xC0, 0x02, 0x97, 0x03, 0xF0, 0x03, 0xFA, 0x17, 0xE0,
    0x10, 0x98, 0x00, 0x78, 0x0F, 0x9E, 0x02, 0x46, 0x00, 0x28, 0x00, 0xD5, 0x42, 0x42, 0x10, 0x9B,
    0xC0, 0x0F, 0xCD, 0xE9, 0x00, 0x20, 0x40, 0x46, 0x02, 0x91, 0x49, 0x46, 0x04, 0x33, 0x3A, 0x46,
    0x10, 0x93, 0x33, 0x46, 0xCD, 0xF8, 0x0C, 0xB0, 0x04, 0x95, 0x05, 0x94, 0x03, 0xF0, 0x4C, 0xFE,
    0x04, 0x46, 0x0A, 0xF1, 0x01, 0x05, 0x00, 0xE6, 0x10, 0x98, 0x3A, 0x46, 0x0F, 0x9B, 0x00, 0x27,
    0x50, 0xF8, 0x04, 0x6B, 0x10, 0x90, 0x40, 0x46, 0xCD, 0xE9, 0x02, 0x1B, 0x49, 0x46, 0x04, 0x95,
    0x00, 0x96, 0x1E, 0x46, 0x01, 0x97, 0xE8, 0xE7, 0x02, 0x2D, 0x3F, 0xD3, 0x0F, 0x9E, 0x68, 0x1C,
    0xCD, 0xF8, 0x30, 0xB0, 0xC3, 0x46, 0xA5, 0xF1, 0x01, 0x08, 0x00, 0x24, 0x0D, 0x90, 0x3A, 0x19,
    0x49, 0x46, 0x33, 0x46, 0x20, 0x20, 0xD8, 0x47, 0x01, 0x34, 0xA0, 0x45, 0xF7, 0xD1, 0xD8, 0x46,
    0x10, 0x98, 0xDD, 0xF8, 0x30, 0xB0, 0x27, 0x44, 0x2C, 0xE0, 0x0F, 0x9E, 0x8D, 0x42, 0x43, 0xD9,
    0x68, 0x1C, 0xA5, 0xEB, 0x01, 0x08, 0x00, 0x24, 0xCD, 0xF8, 0x28, 0xC0, 0x0B, 0x90, 0x33, 0x46,
    0x0E, 0x9E, 0x3A, 0x19, 0x49, 0x46, 0x20, 0x20, 0xB0, 0x47, 0x0F, 0x9E, 0x01, 0x34, 0xA0, 0x45,
    0xF5, 0xD1, 0xDD, 0xF8, 0x28, 0xC0, 0x27, 0x44, 0x9C, 0xF8, 0x00, 0x00, 0x2E, 0xE0, 0x10, 0x9B,
    0x18, 0x78, 0x0F, 0x9E, 0x04, 0x33, 0x3A, 0x46, 0x00, 0x27, 0x00, 0x90, 0x40, 0x46, 0x10, 0x93,
    0xCD, 0xE9, 0x02, 0x1B, 0x49, 0x46, 0x33, 0x46, 0x01, 0x97, 0xA5, 0xE7, 0x02, 0x20, 0x0D, 0x90,
    0xDD, 0xE9, 0x0F, 0x60, 0x01, 0x46, 0x3A, 0x46, 0x33, 0x46, 0x7C, 0x1C, 0x11, 0xF8, 0x04, 0x0B,
    0x10, 0x91, 0x49, 0x46, 0xC0, 0x47, 0xBB, 0xF1, 0x00, 0x0F, 0x9A, 0xD5, 0x0D, 0x98, 0x85, 0x42,
    0x97, 0xD9, 0x2D, 0x1A, 0x22, 0x46, 0x49, 0x46, 0x33, 0x46, 0x4F, 0xF0, 0x20, 0x00, 0x01, 0x34,
    0xC0, 0x47, 0x01, 0x3D, 0xF6, 0xD1, 0x8C, 0xE7, 0x01, 0x31, 0x0B, 0x91, 0xB0, 0xB1, 0x0C, 0xF1,
    0x01, 0x08, 0x0D, 0x99, 0x00, 0x29, 0x04, 0xD5, 0xBB, 0xF1, 0x00, 0x0F, 0x0E, 0xD0, 0xAB, 0xF1,
    0x01, 0x0B, 0x7C, 0x1C, 0x3A, 0x46, 0x0E, 0x9F, 0xC0, 0xB2, 0x49, 0x46, 0x33, 0x46, 0xB8, 0x47,
    0x18, 0xF8, 0x01, 0x0B, 0x27, 0x46, 0x00, 0x28, 0xEB, 0xD1, 0x00, 0xE0, 0x3C, 0x46, 0x0C, 0x98,
    0x00, 0x28, 0x10, 0xD5, 0x0B, 0x98, 0xDD, 0xF8, 0x38, 0x80, 0x85, 0x42, 0x7F, 0xF6, 0x69, 0xAF,
    0x2D, 0x1A, 0x22, 0x46, 0x49, 0x46, 0x33, 0x46, 0x4F, 0xF0, 0x20, 0x00, 0x01, 0x34, 0xC0, 0x47,
    0x01, 0x3D, 0xF6, 0xD1, 0x5D, 0xE7, 0xDD, 0xF8, 0x38, 0x80, 0x5A, 0xE7, 0x3A, 0x46, 0xB7, 0x42,
    0x28, 0xBF, 0x72, 0x1E, 0x49, 0x46, 0x33, 0x46, 0x00, 0x20, 0xC0, 0x47, 0x38, 0x46, 0x11, 0xB0,
    0xBD, 0xE8, 0xF0, 0x8F, 0x2D, 0xE9, 0xF0, 0x4F, 0x81, 0xB0, 0x2D, 0xED, 0x04, 0x8B, 0x90, 0xB0,
    0xB4, 0xEE, 0x40, 0x0B, 0x20, 0x9C, 0xDD, 0xF8, 0x7C, 0xA0, 0x98, 0x46, 0x96, 0x46, 0x0D, 0x46,
    0x06, 0x46, 0xF1, 0xEE, 0x10, 0xFA, 0x80, 0xF1, 0xD9, 0x81, 0xB0, 0xEE, 0x40, 0x8B, 0x9F, 0xED,
    0xDF, 0x0B, 0xB4, 0xEE, 0x40, 0x8B, 0xF1, 0xEE, 0x10, 0xFA, 0x07, 0xD5, 0x46, 0xF2, 0xAC, 0x30,
    0x4F, 0xF0, 0x04, 0x07, 0xC8, 0xF2, 0x30, 0x00, 0x00, 0x90, 0x16, 0xE0, 0x9F, 0xED, 0xD9, 0x0B,
    0xB4, 0xEE, 0x40, 0x8B, 0xF1, 0xEE, 0x10, 0xFA, 0x1E, 0xDD, 0x46, 0xF2, 0xC0, 0x30, 0x46, 0xF2,
    0xB1, 0x31, 0xC8, 0xF2, 0x30, 0x00, 0xC8, 0xF2, 0x30, 0x01, 0x14, 0xF0, 0x04, 0x02, 0x4F, 0xF0,
    0x04, 0x07, 0x04, 0xBF, 0x01, 0x46, 0x03, 0x27, 0x00, 0x91, 0x30, 0x46, 0x29, 0x46, 0x72, 0x46,
    0x43, 0x46, 0x01, 0x97, 0xCD, 0xE9, 0x02, 0xA4, 0x03, 0xF0, 0xA2, 0xF9, 0x10, 0xB0, 0xBD, 0xEC,
    0x04, 0x8B, 0x01, 0xB0, 0xBD, 0xE8, 0xF0, 0x8F, 0x9F, 0xED, 0xD4, 0x0B, 0x1E, 0x9F, 0xB4, 0xEE,
    0x40, 0x8B, 0xF1, 0xEE, 0x10, 0xFA, 0x34, 0xDC, 0x9F, 0xED, 0xD2, 0x0B, 0xB4, 0xEE, 0x40, 0x8B,
    0xF1, 0xEE, 0x10, 0xFA, 0x2D, 0xD4, 0x9F, 0xED, 0xD1, 0x0B, 0xB5, 0xEE, 0x40, 0x8B, 0xB0, 0xEE,
    0x48, 0x9B, 0x38, 0x46, 0x30, 0xEE, 0x48, 0x0B, 0xF1, 0xEE, 0x10, 0xFA, 0x48, 0xBF, 0xB0, 0xEE,
    0x40, 0x9B, 0x5F, 0xEA, 0x44, 0x51, 0x58, 0xBF, 0x06, 0x20, 0xCD, 0xE9, 0x06, 0x65, 0x0A, 0x28,
    0x28, 0xD3, 0x0A, 0x38, 0x30, 0x22, 0xF1, 0x46, 0x1F, 0x28, 0x28, 0xBF, 0x1F, 0x20, 0x00, 0xF1,
    0x01, 0x0B, 0x08, 0xA8, 0x59, 0x46, 0x05, 0xF0, 0x42, 0xEA, 0x00, 0x20, 0x01, 0x30, 0x83, 0x45,
    0xFC, 0xD1, 0x41, 0x1E, 0x00, 0x22, 0x38, 0x1A, 0xCE, 0x46, 0x1F, 0x29, 0x38, 0xBF, 0x01, 0x22,
    0x13, 0xE0, 0x30, 0x46, 0x29, 0x46, 0x72, 0x46, 0x43, 0x46, 0xB0, 0xEE, 0x48, 0x0B, 0x20, 0x94,
    0xCD, 0xE9, 0x1E, 0x7A, 0x10, 0xB0, 0xBD, 0xEC, 0x04, 0x8B, 0x01, 0xB0, 0xBD, 0xE8, 0xF0, 0x4F,
    0x00, 0xF0, 0xE8, 0xBC, 0x01, 0x22, 0x4F, 0xF0, 0x00, 0x0B, 0xBD, 0xEE, 0xC9, 0x3B, 0x45, 0xF6,
    0x30, 0x51, 0xC8, 0xF2, 0x30, 0x01, 0x01, 0xEB, 0xC0, 0x01, 0x13, 0xEE, 0x10, 0x9A, 0xB8, 0xEE,
    0xC3, 0x0B, 0x91, 0xED, 0x00, 0x1B, 0x39, 0xEE, 0x40, 0x0B, 0x20, 0xEE, 0x01, 0x0B, 0xBC, 0xEE,
    0xC0, 0x4B, 0x14, 0xEE, 0x10, 0x1A, 0xB8, 0xEE, 0x44, 0x2B, 0x30, 0xEE, 0x42, 0x2B, 0xB6, 0xEE,
    0x00, 0x0B, 0xB4, 0xEE, 0x40, 0x2B, 0xF1, 0xEE, 0x10, 0xFA, 0x0E, 0xDD, 0x01, 0x31, 0x02, 0xEE,
    0x10, 0x1A, 0xB8, 0xEE, 0x42, 0x2B, 0xB4, 0xEE, 0x42, 0x1B, 0xF1, 0xEE, 0x10, 0xFA, 0x12, 0xD8,
    0x09, 0xF1, 0x01, 0x09, 0x4F, 0xF0, 0x00, 0x01, 0x0D, 0xE0, 0xB4, 0xEE, 0x40, 0x2B, 0xF1, 0xEE,
    0x10, 0xFA, 0x08, 0xD4, 0xB1, 0xFA, 0x81, 0xF3, 0x4F, 0xEA, 0x53, 0x13, 0x43, 0xEA, 0x01, 0x03,
    0x03, 0xF0, 0x01, 0x03, 0x19, 0x44, 0x00, 0x28, 0x3E, 0xD0, 0xCD, 0xE9, 0x04, 0x8A, 0x00, 0x2A,
    0x4B, 0xD0, 0x4C, 0xF6, 0xCD, 0x47, 0xA2, 0x46, 0xCC, 0xF6, 0xCC, 0x47, 0x04, 0xF4, 0x01, 0x62,
    0x0D, 0xF1, 0x20, 0x0C, 0x4F, 0xF0, 0x01, 0x08, 0x01, 0x26, 0xA1, 0xFB, 0x07, 0x35, 0xB2, 0xF5,
    0x00, 0x6F, 0x4F, 0xEA, 0xD5, 0x03, 0x03, 0xEB, 0x83, 0x05, 0xA1, 0xEB, 0x45, 0x05, 0xED, 0xB2,
    0x0A, 0xD1, 0xB8, 0xF1, 0x00, 0x0F, 0x07, 0xD0, 0x01, 0x26, 0x4F, 0xF0, 0x00, 0x08, 0x25, 0xB9,
    0x00, 0x26, 0x4F, 0xF0, 0x01, 0x08, 0x09, 0xE0, 0x3E, 0xB1, 0x45, 0xF0, 0x30, 0x05, 0x0B, 0xF1,
    0x01, 0x04, 0x0C, 0xF8, 0x0B, 0x50, 0xA3, 0x46, 0x00, 0xE0, 0x00, 0x26, 0x01, 0x38, 0x0A, 0x29,
    0x03, 0xD3, 0x19, 0x46, 0xBB, 0xF1, 0x20, 0x0F, 0xD7, 0xD3, 0x54, 0x46, 0xB8, 0xF1, 0x00, 0x0F,
    0x18, 0xBF, 0x4F, 0xF0, 0x01, 0x08, 0x14, 0xE0, 0x01, 0xEE, 0x10, 0x9A, 0x00, 0x20, 0xB8, 0xEE,
    0xC1, 0x1B, 0x39, 0xEE, 0x41, 0x1B, 0xB4, 0xEE, 0x40, 0x1B, 0xF1, 0xEE, 0x10, 0xFA, 0x58, 0xBF,
    0x01, 0x20, 0x00, 0xEA, 0x09, 0x00, 0x81, 0x44, 0x45, 0xE0, 0x4F, 0xF0, 0x01, 0x08, 0x4F, 0xF0,
    0x20, 0x0B, 0x26, 0x05, 0x0E, 0xD5, 0x04, 0xF0, 0x10, 0x01, 0x01, 0x22, 0x82, 0xEA, 0x11, 0x11,
    0x11, 0xEA, 0x08, 0x0F, 0x06, 0xD0, 0xBB, 0xF1, 0x20, 0x0F, 0x28, 0xD2, 0xB8, 0xF1, 0x00, 0x0F,
    0x22, 0xD1, 0x27, 0xE0, 0xBB, 0xF1, 0x1F, 0x0F, 0x11, 0xD8, 0x80, 0xB1, 0x01, 0x38, 0xCB, 0xF1,
    0x1F, 0x01, 0x08, 0xAA, 0x75, 0x46, 0x88, 0x42, 0x38, 0xBF, 0x01, 0x46, 0x02, 0xEB, 0x0B, 0x00,
    0x30, 0x22, 0x4F, 0x1C, 0x39, 0x46, 0x05, 0xF0, 0x6A, 0xE9, 0xAE, 0x46, 0xBB, 0x44, 0xBB, 0xF1,
    0x20, 0x0F, 0x0C, 0xD2, 0x00, 0x2E, 0x0D, 0xD5, 0x04, 0xF0, 0x10, 0x00, 0x01, 0x21, 0x81, 0xEA,
    0x10, 0x10, 0x10, 0xEA, 0x08, 0x0F, 0x05, 0xD0, 0xDD, 0xE9, 0x04, 0x8A, 0x0E, 0xE0, 0xDD, 0xE9,
    0x04, 0x8A, 0x2B, 0xE0, 0x0B, 0xF1, 0x01, 0x00, 0x2E, 0x21, 0x08, 0xAA, 0xDD, 0xE9, 0x04, 0x8A,
    0x02, 0xF8, 0x0B, 0x10, 0x83, 0x46, 0xBB, 0xF1, 0x1F, 0x0F, 0x1D, 0xD8, 0x46, 0xF2, 0x67, 0x61,
    0x08, 0xA8, 0xC6, 0xF2, 0x66, 0x61, 0x59, 0xFB, 0x01, 0xF2, 0x5F, 0x46, 0x0B, 0xF1, 0x01, 0x0B,
    0x1E, 0x2F, 0x4F, 0xEA, 0xA2, 0x03, 0x03, 0xEB, 0xD2, 0x72, 0x02, 0xEB, 0x82, 0x03, 0xA9, 0xEB,
    0x43, 0x03, 0x03, 0xF1, 0x30, 0x03, 0xC3, 0x55, 0x9E, 0xBF, 0xA9, 0xF1, 0x0A, 0x03, 0x91, 0x46,
    0x13, 0xF1, 0x13, 0x0F, 0xE7, 0xD3, 0x01, 0xE0, 0x4F, 0xF0, 0x20, 0x0B, 0x04, 0xF0, 0x03, 0x00,
    0x01, 0x28, 0x14, 0xD1, 0xDD, 0xE9, 0x06, 0x67, 0xF1, 0x46, 0x00, 0x20, 0xBA, 0xF1, 0x00, 0x0F,
    0x10, 0xD0, 0xB5, 0xEE, 0x40, 0x8B, 0xF1, 0xEE, 0x10, 0xFA, 0x48, 0xBF, 0x01, 0x20, 0x14, 0xF0,
    0x0C, 0x01, 0x18, 0xBF, 0x01, 0x21, 0x08, 0x43, 0xAA, 0xEB, 0x00, 0x0A, 0x04, 0xE0, 0xDD, 0xE9,
    0x06, 0x67, 0x11, 0xE0, 0x4F, 0xF0, 0x00, 0x0A, 0x55, 0x46, 0xBA, 0xF1, 0x20, 0x0F, 0x28, 0xBF,
    0x20, 0x25, 0x5D, 0x45, 0x07, 0xD9, 0x08, 0xA8, 0xA5, 0xEB, 0x0B, 0x01, 0x30, 0x22, 0x58, 0x44,
    0x05, 0xF0, 0xFC, 0xE8, 0xAB, 0x46, 0xCE, 0x46, 0xBB, 0xF1, 0x1F, 0x0F, 0x1D, 0xD8, 0xB5, 0xEE,
    0x40, 0x8B, 0xF1, 0xEE, 0x10, 0xFA, 0x02, 0xD5, 0x4F, 0xF0, 0x2D, 0x00, 0x0F, 0xE0, 0x5F, 0xEA,
    0x44, 0x70, 0x0B, 0xD4, 0x20, 0x07, 0x10, 0xD5, 0x20, 0x20, 0x08, 0xE0, 0xFF, 0xFF, 0xFF, 0xFF,
    0xFF, 0xFF, 0xEF, 0xFF, 0xFF, 0xFF, 0xFF, 0xFF, 0xFF, 0xFF, 0xEF, 0x7F, 0x2B, 0x20, 0x0B, 0xF1,
    0x01, 0x01, 0x08, 0xAA, 0x02, 0xF8, 0x0B, 0x00, 0x8B, 0x46, 0x08, 0xA8, 0x39, 0x46, 0x72, 0x46,
    0x43, 0x46, 0xCD, 0xF8, 0x04, 0xB0, 0x00, 0x90, 0x30, 0x46, 0x53, 0xE6, 0x46, 0xF2, 0xBC, 0x30,
    0x4F, 0xF0, 0x03, 0x07, 0xC8, 0xF2, 0x30, 0x00, 0x2E, 0xE6, 0x00, 0xBF, 0x00, 0x00, 0x00, 0x00,
    0x65, 0xCD, 0xCD, 0x41, 0x00, 0x00, 0x00, 0x00, 0x65, 0xCD, 0xCD, 0xC1, 0x00, 0x00, 0x00, 0x00,
    0x00, 0x00, 0x00, 0x00, 0x00, 0x20, 0xD0, 0xE5, 0x00, 0x30, 0xD1, 0xE5, 0x01, 0x00, 0x52, 0xE3,
    0x03, 0x00, 0x52, 0x21, 0x7A, 0x14, 0x00, 0x1A, 0xF0, 0x41, 0x6D, 0xE1, 0x01, 0x40, 0x80, 0xE1,
    0xF8, 0x60, 0xCD, 0xE1, 0x00, 0xC0, 0xE0, 0xE3, 0x84, 0x2E, 0xA0, 0xE1, 0x00, 0x00, 0x52, 0xE3,
    0x13, 0x00, 0x00, 0x0A, 0x01, 0x40, 0x20, 0xE0, 0x07, 0x00, 0x14, 0xE3, 0x3E, 0x00, 0x00, 0x1A,
    0x07, 0x40, 0x00, 0xE2, 0x07, 0x00, 0xC0, 0xE3, 0x03, 0x50, 0x04, 0xE2, 0x07, 0x10, 0xC1, 0xE3,
    0x85, 0x51, 0xA0, 0xE1, 0xD0, 0x21, 0xC0, 0xE0, 0x04, 0x00, 0x14, 0xE3, 0xD0, 0x61, 0xC1, 0xE0,
    0x1C, 0x45, 0xE0, 0xE1, 0x04, 0x20, 0x82, 0xE1, 0x04, 0x60, 0x86, 0xE1, 0x06, 0x00, 0x00, 0x0A,
    0x04, 0x30, 0x83, 0xE1, 0x0C, 0x20, 0xA0, 0xE1, 0x04, 0x70, 0x87, 0xE1, 0x0C, 0x60, 0xA0, 0xE1,
    0x01, 0x00, 0x00, 0xEA, 0xD0, 0x21, 0xC0, 0xE0, 0xD0, 0x61, 0xC1, 0xE0, 0x9C, 0x5F, 0x52, 0xE6,
    0x06, 0x40, 0x22, 0xE0, 0xBC, 0x4F, 0x84, 0xE6, 0x00, 0x00, 0x54, 0xE3, 0x1B, 0x00, 0x00, 0x1A,
    0x9C, 0x5F, 0x53, 0xE6, 0x07, 0x50, 0x23, 0xE0, 0xBC, 0x5F, 0x85, 0xE6, 0x00, 0x00, 0x55, 0xE3,
    0x0B, 0x00, 0x00, 0x1A, 0xD8, 0x20, 0x40, 0xE1, 0xD8, 0x60, 0x41, 0xE1, 0x9C, 0x5F, 0x52, 0xE6,
    0x06, 0x40, 0x22, 0xE0, 0xBC, 0x4F, 0x84, 0xE6, 0x9C, 0x5F, 0x53, 0xE6, 0x07, 0x50, 0x23, 0xE0,
    0xBC, 0x5F, 0x85, 0xE6, 0x04, 0x50, 0x95, 0xE1, 0xE9, 0xFF, 0xFF, 0x0A, 0x00, 0x00, 0x54, 0xE3,
    0x0A, 0x00, 0x00, 0x1A, 0x35, 0x5F, 0xBF, 0xE6, 0x15, 0x4F, 0x6F, 0xE1, 0x07, 0x40, 0xC4, 0xE3,
    0x37, 0x14, 0xA0, 0xE1, 0xD8, 0x60, 0xCD, 0xE1, 0x33, 0x34, 0xA0, 0xE1, 0xFF, 0x00, 0x03, 0xE2,
    0xFF, 0x10, 0x01, 0xE2, 0xD0, 0x41, 0xCD, 0xE0, 0x01, 0x00, 0x40, 0xE0, 0x1E, 0xFF, 0x2F, 0xE1,
    0x34, 0x4F, 0xBF, 0xE6, 0x14, 0x4F, 0x6F, 0xE1, 0x07, 0x40, 0xC4, 0xE3, 0x36, 0x14, 0xA0, 0xE1,
    0xD8, 0x60, 0xCD, 0xE1, 0x32, 0x24, 0xA0, 0xE1, 0xFF, 0x00, 0x02, 0xE2, 0xFF, 0x10, 0x01, 0xE2,
    0xD0, 0x41, 0xCD, 0xE0, 0x01, 0x00, 0x40, 0xE0, 0x1E, 0xFF, 0x2F, 0xE1, 0x03, 0x00, 0x14, 0xE3,
    0x22, 0x00, 0x00, 0x1A, 0x03, 0x40, 0x10, 0xE2, 0x17, 0x00, 0x00, 0x1A, 0x08, 0x20, 0x90, 0xE4,
    0x08, 0x30, 0x91, 0xE4, 0x9C, 0x5F, 0x52, 0xE6, 0x03, 0x50, 0x22, 0xE0, 0xBC, 0x5F, 0x85, 0xE6,
    0x00, 0x00, 0x55, 0xE3, 0x06, 0x00, 0x00, 0x1A, 0x04, 0x20, 0x10, 0xE5, 0x04, 0x30, 0x11, 0xE5,
    0x9C, 0x5F, 0x52, 0xE6, 0x03, 0x50, 0x22, 0xE0, 0xBC, 0x5F, 0x85, 0xE6, 0x00, 0x00, 0x55, 0xE3,
    0xF1, 0xFF, 0xFF, 0x0A, 0x35, 0x5F, 0xBF, 0xE6, 0x15, 0x4F, 0x6F, 0xE1, 0x07, 0x40, 0xC4, 0xE3,
    0x33, 0x14, 0xA0, 0xE1, 0x32, 0x24, 0xA0, 0xE1, 0xFF, 0x00, 0x02, 0xE2, 0xFF, 0x10, 0x01, 0xE2,
    0xD0, 0x41, 0xCD, 0xE0, 0x01, 0x00, 0x40, 0xE0, 0x1E, 0xFF, 0x2F, 0xE1, 0x84, 0x41, 0xA0, 0xE1,
    0x03, 0x00, 0xC0, 0xE3, 0x08, 0x20, 0x90, 0xE4, 0x03, 0x10, 0xC1, 0xE3, 0x08, 0x30, 0x91, 0xE4,
    0x1C, 0x44, 0xE0, 0xE1, 0x04, 0x20, 0x82, 0xE1, 0x04, 0x30, 0x83, 0xE1, 0xE0, 0xFF, 0xFF, 0xEA,
    0x03, 0x40, 0x10, 0xE2, 0x15, 0x00, 0x00, 0x0A, 0x04, 0x10, 0x41, 0xE0, 0x03, 0x00, 0xC0, 0xE3,
    0x84, 0x4F, 0xB0, 0xE1, 0x04, 0x20, 0x90, 0xE4, 0x06, 0x00, 0x00, 0x0A, 0x0E, 0x00, 0x00, 0x2A,
    0x02, 0x30, 0xD1, 0xE5, 0x72, 0x48, 0xEF, 0xE6, 0x03, 0x40, 0x54, 0xE0, 0x07, 0x00, 0x00, 0x1A,
    0x00, 0x00, 0x53, 0xE3, 0x05, 0x00, 0x00, 0x0A, 0x03, 0x30, 0xD1, 0xE5, 0x72, 0x4C, 0xEF, 0xE6,
    0x03, 0x40, 0x54, 0xE0, 0x01, 0x00, 0x00, 0x1A, 0x00, 0x00, 0x53, 0xE3, 0x02, 0x00, 0x00, 0x1A,
    0x04, 0x00, 0xA0, 0xE1, 0x10, 0x40, 0x9D, 0xE4, 0x1E, 0xFF, 0x2F, 0xE1, 0x04, 0x10, 0x81, 0xE2,
    0x04, 0x20, 0x90, 0xE4, 0x81, 0x4F, 0xB0, 0xE1, 0x03, 0x10, 0xC1, 0xE3, 0x04, 0x30, 0x91, 0xE4,
    0x2F, 0x00, 0x00, 0x8A, 0x17, 0x00, 0x00, 0x2A, 0xFF, 0x44, 0xC2, 0xE3, 0x9C, 0x5F, 0x52, 0xE6,
    0x23, 0x54, 0x34, 0xE0, 0xBC, 0x5F, 0x85, 0xE6, 0x07, 0x00, 0x00, 0x1A, 0x00, 0x00, 0x55, 0xE3,
    0x07, 0x00, 0x00, 0x1A, 0x04, 0x30, 0x91, 0xE4, 0x02, 0x40, 0x24, 0xE0, 0x03, 0x0C, 0x54, 0xE1,
    0x09, 0x00, 0x00, 0x1A, 0x04, 0x20, 0x90, 0xE4, 0xF2, 0xFF, 0xFF, 0xEA, 0x23, 0x34, 0xA0, 0xE1,
    0x37, 0x00, 0x00, 0xEA, 0xFF, 0x54, 0xD5, 0xE3, 0x32, 0x00, 0x00, 0x1A, 0x00, 0x00, 0xD1, 0xE5,
    0xD0, 0x41, 0xCD, 0xE0, 0x00, 0x00, 0x60, 0xE2, 0x1E, 0xFF, 0x2F, 0xE1, 0x22, 0x2C, 0xA0, 0xE1,
    0xFF, 0x30, 0x03, 0xE2, 0x2E, 0x00, 0x00, 0xEA, 0x2C, 0x48, 0x02, 0xE0, 0x9C, 0x5F, 0x52, 0xE6,
    0x23, 0x58, 0x34, 0xE0, 0xBC, 0x5F, 0x85, 0xE6, 0x07, 0x00, 0x00, 0x1A, 0x00, 0x00, 0x55, 0xE3,
    0x07, 0x00, 0x00, 0x1A, 0x04, 0x30, 0x91, 0xE4, 0x02, 0x40, 0x24, 0xE0, 0x03, 0x08, 0x54, 0xE1,
    0x08, 0x00, 0x00, 0x1A, 0x04, 0x20, 0x90, 0xE4, 0xF2, 0xFF, 0xFF, 0xEA, 0x23, 0x38, 0xA0, 0xE1,
    0x1F, 0x00, 0x00, 0xEA, 0x2C, 0x58, 0x15, 0xE0, 0x1A, 0x00, 0x00, 0x1A, 0xB0, 0x30, 0xD1, 0xE1,
    0x22, 0x28, 0xA0, 0xE1, 0x1A, 0x00, 0x00, 0xEA, 0x22, 0x28, 0xA0, 0xE1, 0x2C, 0x38, 0x03, 0xE0,
    0x17, 0x00, 0x00, 0xEA, 0xFF, 0x40, 0x02, 0xE2, 0x9C, 0x5F, 0x52, 0xE6, 0x23, 0x5C, 0x34, 0xE0,
    0xBC, 0x5F, 0x85, 0xE6, 0x07, 0x00, 0x00, 0x1A, 0x00, 0x00, 0x55, 0xE3, 0x07, 0x00, 0x00, 0x1A,
    0x04, 0x30, 0x91, 0xE4, 0x02, 0x40, 0x24, 0xE0, 0x03, 0x04, 0x54, 0xE1, 0x06, 0x00, 0x00, 0x1A,
    0x04, 0x20, 0x90, 0xE4, 0xF2, 0xFF, 0xFF, 0xEA, 0x23, 0x3C, 0xA0, 0xE1, 0x08, 0x00, 0x00, 0xEA,
    0xFF, 0x00, 0x15, 0xE3, 0x03, 0x00, 0x00, 0x1A, 0x00, 0x30, 0x91, 0xE5, 0x22, 0x24, 0xA0, 0xE1,
    0xFF, 0x34, 0xC3, 0xE3, 0x02, 0x00, 0x00, 0xEA, 0x00, 0x00, 0xA0, 0xE3, 0xD0, 0x41, 0xCD, 0xE0,
    0x1E, 0xFF, 0x2F, 0xE1, 0x32, 0x2F, 0xBF, 0xE6, 0x33, 0x3F, 0xBF, 0xE6, 0x9C, 0x4F, 0x52, 0xE6,
    0x03, 0x40, 0x22, 0xE0, 0xBC, 0x5F, 0x84, 0xE6, 0x15, 0x4F, 0x6F, 0xE1, 0x12, 0x24, 0xA0, 0xE1,
    0x13, 0x34, 0xA0, 0xE1, 0x22, 0x0C, 0xA0, 0xE1, 0xD0, 0x41, 0xCD, 0xE0, 0x23, 0x0C, 0x40, 0xE0,
    0x1E, 0xFF, 0x2F, 0xE1, 0x1B, 0x28, 0x00, 0xF2, 0x18, 0x81, 0x02, 0x46, 0x00, 0x20, 0xDF, 0xE8,
    0x12, 0xF0, 0x1C, 0x00, 0x83, 0x00, 0x96, 0x00, 0x4D, 0x00, 0xB9, 0x00, 0xD3, 0x00, 0x9F, 0x00,
    0xED, 0x00, 0x61, 0x00, 0xE4, 0x00, 0x43, 0x00, 0x57, 0x00, 0xCA, 0x00, 0x39, 0x00, 0x8C, 0x00,
    0x2F, 0x00, 0xA7, 0x00, 0xDB, 0x00, 0xFE, 0x00, 0xB0, 0x00, 0x16, 0x01, 0xC1, 0x00, 0xF5, 0x00,
    0x07, 0x01, 0x77, 0x00, 0x6B, 0x00, 0x17, 0x01, 0x25, 0x00, 0x00, 0x29, 0x00, 0xF0, 0x46, 0x81,
    0x01, 0x29, 0x40, 0xF0, 0xF4, 0x80, 0xC5, 0x49, 0x08, 0x60, 0x70, 0x47, 0x00, 0x29, 0x00, 0xF0,
    0xFA, 0x80, 0x01, 0x29, 0x40, 0xF0, 0xEB, 0x80, 0xC0, 0x49, 0xC1, 0xF8, 0xB0, 0x01, 0x70, 0x47,
    0x00, 0x29, 0x00, 0xF0, 0xF5, 0x80, 0x01, 0x29, 0x40, 0xF0, 0xE1, 0x80, 0xBB, 0x49, 0xC1, 0xF8,
    0xE4, 0x01, 0x70, 0x47, 0x00, 0x29, 0x00, 0xF0, 0xF0, 0x80, 0x01, 0x29, 0x40, 0xF0, 0xD7, 0x80,
    0xB6, 0x49, 0xC1, 0xF8, 0x8C, 0x00, 0x70, 0x47, 0x00, 0x29, 0x00, 0xF0, 0xEB, 0x80, 0x01, 0x29,
    0x40, 0xF0, 0xCD, 0x80, 0xB1, 0x49, 0xC1, 0xF8, 0x80, 0x00, 0x70, 0x47, 0x00, 0x29, 0x00, 0xF0,
    0xE6, 0x80, 0x01, 0x29, 0x40, 0xF0, 0xC3, 0x80, 0xAC, 0x49, 0xC1, 0xF8, 0xF4, 0x00, 0x70, 0x47,
    0x00, 0x29, 0x00, 0xF0, 0xE1, 0x80, 0x01, 0x29, 0x40, 0xF0, 0xB9, 0x80, 0xA7, 0x49, 0xC1, 0xF8,
    0x84, 0x00, 0x70, 0x47, 0x00, 0x29, 0x00, 0xF0, 0xDC, 0x80, 0x01, 0x29, 0x40, 0xF0, 0xAF, 0x80,
    0xA2, 0x49, 0xC1, 0xF8, 0xC0, 0x00, 0x70, 0x47, 0x00, 0x29, 0x00, 0xF0, 0xD7, 0x80, 0x01, 0x29,
    0x40, 0xF0, 0xA5, 0x80, 0x9D, 0x49, 0xC1, 0xF8, 0x68, 0x01, 0xC1, 0xF8, 0xA8, 0x01, 0x70, 0x47,
    0x00, 0x29, 0x00, 0xF0, 0xD2, 0x80, 0x01, 0x29, 0x40, 0xF0, 0x99, 0x80, 0x97, 0x49, 0xC1, 0xF8,
    0x64, 0x01, 0xC1, 0xF8, 0xA4, 0x01, 0x70, 0x47, 0x00, 0x29, 0x00, 0xF0, 0xCD, 0x80, 0x01, 0x29,
    0x40, 0xF0, 0x8D, 0x80, 0x91, 0x49, 0x48, 0x60, 0x70, 0x47, 0x00, 0x29, 0x00, 0xF0, 0xC8, 0x80,
    0x01, 0x29, 0x40, 0xF0, 0x84, 0x80, 0x8D, 0x49, 0xC1, 0xF8, 0x04, 0x01, 0x70, 0x47, 0x00, 0x29,
    0x00, 0xF0, 0xC3, 0x80, 0x01, 0x29, 0x7A, 0xD1, 0x88, 0x49, 0xC1, 0xF8, 0xF0, 0x00, 0x70, 0x47,
    0x00, 0x29, 0x00, 0xF0, 0xBF, 0x80, 0x01, 0x29, 0x71, 0xD1, 0x84, 0x49, 0x88, 0x64, 0x70, 0x47,
    0x00, 0x29, 0x00, 0xF0, 0xBF, 0x80, 0x01, 0x29, 0x69, 0xD1, 0x80, 0x49, 0xC1, 0xF8, 0xE0, 0x00,
    0x70, 0x47, 0x00, 0x29, 0x00, 0xF0, 0xBB, 0x80, 0x01, 0x29, 0x60, 0xD1, 0x7B, 0x49, 0xC1, 0xF8,
    0xFC, 0x00, 0x70, 0x47, 0x00, 0x29, 0x00, 0xF0, 0xB7, 0x80, 0x01, 0x29, 0x57, 0xD1, 0x77, 0x49,
    0x08, 0x64, 0x70, 0x47, 0x00, 0x29, 0x00, 0xF0, 0xB3, 0x80, 0x01, 0x29, 0x4F, 0xD1, 0x73, 0x49,
    0xC1, 0xF8, 0x00, 0x01, 0x70, 0x47, 0x00, 0x29, 0x00, 0xF0, 0xAF, 0x80, 0x01, 0x29, 0x46, 0xD1,
    0x6E, 0x49, 0xC1, 0xF8, 0x88, 0x00, 0x70, 0x47, 0x00, 0x29, 0x00, 0xF0, 0xAB, 0x80, 0x01, 0x29,
    0x3D, 0xD1, 0x6A, 0x49, 0x48, 0x64, 0x70, 0x47, 0x00, 0x29, 0x00, 0xF0, 0xA7, 0x80, 0x01, 0x29,
    0x35, 0xD1, 0x66, 0x49, 0xC1, 0xF8, 0xE8, 0x01, 0x70, 0x47, 0x00, 0x29, 0x00, 0xF0, 0xA3, 0x80,
    0x01, 0x29, 0x2C, 0xD1, 0x61, 0x49, 0xC1, 0xF8, 0xC4, 0x00, 0x70, 0x47, 0x00, 0x29, 0x00, 0xF0,
    0x9F, 0x80, 0x01, 0x29, 0x23, 0xD1, 0x5D, 0x49, 0xC8, 0x64, 0x70, 0x47, 0x00, 0x29, 0x00, 0xF0,
    0x9B, 0x80, 0x01, 0x29, 0x1B, 0xD1, 0x59, 0x49, 0xC1, 0xF8, 0xF8, 0x00, 0x70, 0x47, 0x00, 0x29,
    0x00, 0xF0, 0x97, 0x80, 0x01, 0x29, 0x12, 0xD1, 0x54, 0x49, 0xC1, 0xF8, 0xE4, 0x00, 0x70, 0x47,
    0x00, 0x29, 0x00, 0xF0, 0x93, 0x80, 0x01, 0x29, 0x09, 0xD1, 0x50, 0x49, 0xC1, 0xF8, 0x24, 0x01,
    0xC1, 0xF8, 0x28, 0x01, 0xC1, 0xF8, 0x2C, 0x01, 0x70, 0x47, 0x4F, 0xF0, 0xFF, 0x30, 0x70, 0x47,
    0x00, 0x29, 0x00, 0xF0, 0x8C, 0x80, 0x01, 0x29, 0xF9, 0xD1, 0x48, 0x49, 0xC1, 0xF8, 0x6C, 0x01,
    0xC1, 0xF8, 0xAC, 0x01, 0x70, 0x47, 0x07, 0x22, 0x44, 0x49, 0xC1, 0xF8, 0xB0, 0x21, 0x70, 0x47,
    0x07, 0x22, 0x42, 0x49, 0xC1, 0xF8, 0xE4, 0x21, 0x70, 0x47, 0x07, 0x22, 0x3F, 0x49, 0xC1, 0xF8,
    0x8C, 0x20, 0x70, 0x47, 0x07, 0x22, 0x3D, 0x49, 0xC1, 0xF8, 0x80, 0x20, 0x70, 0x47, 0x07, 0x22,
    0x3A, 0x49, 0xC1, 0xF8, 0xF4, 0x20, 0x70, 0x47, 0x07, 0x22, 0x38, 0x49, 0xC1, 0xF8, 0x84, 0x20,
    0x70, 0x47, 0x07, 0x22, 0x35, 0x49, 0xC1, 0xF8, 0xC0, 0x20, 0x70, 0x47, 0x07, 0x22, 0x33, 0x49,
    0xC1, 0xF8, 0x68, 0x21, 0xC1, 0xF8, 0xA8, 0x21, 0x70, 0x47, 0x07, 0x22, 0x2F, 0x49, 0xC1, 0xF8,
    0x64, 0x21, 0xC1, 0xF8, 0xA4, 0x21, 0x70, 0x47, 0x07, 0x22, 0x2C, 0x49, 0x4A, 0x60, 0x70, 0x47,
    0x07, 0x22, 0x2A, 0x49, 0xC1, 0xF8, 0x04, 0x21, 0x70, 0x47, 0x07, 0x22, 0x27, 0x49, 0xC1, 0xF8,
    0xF0, 0x20, 0x70, 0x47, 0x07, 0x22, 0x25, 0x49, 0x8A, 0x64, 0x70, 0x47, 0x07, 0x22, 0x23, 0x49,
    0x0A, 0x60, 0x70, 0x47, 0x07, 0x22, 0x21, 0x49, 0xC1, 0xF8, 0xE0, 0x20, 0x70, 0x47, 0x07, 0x22,
    0x1E, 0x49, 0xC1, 0xF8, 0xFC, 0x20, 0x70, 0x47, 0x07, 0x22, 0x1C, 0x49, 0x0A, 0x64, 0x70, 0x47,
    0x07, 0x22, 0x1A, 0x49, 0xC1, 0xF8, 0x00, 0x21, 0x70, 0x47, 0x07, 0x22, 0x17, 0x49, 0xC1, 0xF8,
    0x88, 0x20, 0x70, 0x47, 0x07, 0x22, 0x15, 0x49, 0x4A, 0x64, 0x70, 0x47, 0x07, 0x22, 0x13, 0x49,
    0xC1, 0xF8, 0xE8, 0x21, 0x70, 0x47, 0x07, 0x22, 0x10, 0x49, 0xC1, 0xF8, 0xC4, 0x20, 0x70, 0x47,
    0x07, 0x22, 0x0E, 0x49, 0xCA, 0x64, 0x70, 0x47, 0x07, 0x22, 0x0C, 0x49, 0xC1, 0xF8, 0xF8, 0x20,
    0x70, 0x47, 0x07, 0x22, 0x09, 0x49, 0xC1, 0xF8, 0xE4, 0x20, 0x70, 0x47, 0x07, 0x22, 0x07, 0x49,
    0xC1, 0xF8, 0x24, 0x21, 0xC1, 0xF8, 0x28, 0x21, 0xC1, 0xF8, 0x2C, 0x21, 0x70, 0x47, 0x07, 0x22,
    0x02, 0x49, 0xC1, 0xF8, 0x6C, 0x21, 0xC1, 0xF8, 0xAC, 0x21, 0x70, 0x47, 0x00, 0x85, 0x20, 0x53,
    0x00, 0x20, 0x70, 0x47, 0x2D, 0xE9, 0xF0, 0x4F, 0x81, 0xB0, 0x2D, 0xED, 0x02, 0x8B, 0x88, 0xB0,
    0x9F, 0xED, 0xAC, 0x1B, 0x9B, 0x46, 0xDD, 0xF8, 0x58, 0x90, 0x0D, 0x46, 0xDD, 0xF8, 0x54, 0xA0,
    0x06, 0x46, 0x14, 0x9F, 0xB4, 0xEE, 0x41, 0x0B, 0xF1, 0xEE, 0x10, 0xFA, 0x13, 0xD4, 0xB4, 0xEE,
    0x40, 0x0B, 0xF1, 0xEE, 0x10, 0xFA, 0x0E, 0xD6, 0x9F, 0xED, 0xA4, 0x1B, 0xB4, 0xEE, 0x41, 0x0B,
    0xF1, 0xEE, 0x10, 0xFA, 0x07, 0xDC, 0xB5, 0xEE, 0x40, 0x0B, 0xF1, 0xEE, 0x10, 0xFA, 0x11, 0xD1,
    0x19, 0xF4, 0x00, 0x60, 0x0E, 0xD0, 0x30, 0x46, 0x29, 0x46, 0x5B, 0x46, 0xCD, 0xF8, 0x58, 0x90,
    0xCD, 0xE9, 0x14, 0x7A, 0x08, 0xB0, 0xBD, 0xEC, 0x02, 0x8B, 0x01, 0xB0, 0xBD, 0xE8, 0xF0, 0x4F,
    0xFF, 0xF7, 0x48, 0xBA, 0xB5, 0xEE, 0x40, 0x0B, 0xB1, 0xEE, 0x40, 0x2B, 0xB0, 0xEE, 0x40, 0x1B,
    0x9F, 0xED, 0x94, 0x3B, 0xBF, 0xEE, 0x08, 0x5B, 0x9F, 0xED, 0x9A, 0x6B, 0x9F, 0xED, 0x9B, 0x7B,
    0xB1, 0xEE, 0x08, 0x8B, 0xBC, 0x46, 0x4F, 0xF0, 0x05, 0x08, 0xF1, 0xEE, 0x10, 0xFA, 0x48, 0xBF,
    0xB0, 0xEE, 0x42, 0x1B, 0x51, 0xEC, 0x11, 0x0B, 0xC1, 0xF3, 0x0A, 0x53, 0xA3, 0xF2, 0xFF, 0x33,
    0x02, 0xEE, 0x10, 0x3A, 0x40, 0xF2, 0xFF, 0x33, 0xB8, 0xEE, 0xC2, 0x2B, 0x63, 0xF3, 0x1F, 0x51,
    0x41, 0xEC, 0x14, 0x0B, 0x22, 0xEE, 0x03, 0x2B, 0x34, 0xEE, 0x05, 0x3B, 0x9F, 0xED, 0x83, 0x4B,
    0x9F, 0xED, 0x84, 0x5B, 0x32, 0xEE, 0x04, 0x2B, 0x23, 0xEE, 0x05, 0x3B, 0xB6, 0xEE, 0x00, 0x5B,
    0x33, 0xEE, 0x02, 0x2B, 0x9F, 0xED, 0x81, 0x3B, 0xBD, 0xEE, 0xC2, 0x4B, 0x14, 0xEE, 0x10, 0x4A,
    0xB8, 0xEE, 0xC4, 0x2B, 0x22, 0xEE, 0x03, 0x3B, 0x22, 0xEE, 0x07, 0x2B, 0xB2, 0xEE, 0x04, 0x7B,
    0x33, 0xEE, 0x05, 0x3B, 0xBD, 0xEE, 0xC3, 0x3B, 0x13, 0xEE, 0x10, 0x0A, 0xB8, 0xEE, 0xC3, 0x5B,
    0x00, 0xF2, 0xFF, 0x30, 0x4F, 0xEA, 0x00, 0x51, 0x4F, 0xF0, 0x00, 0x00, 0x25, 0xEE, 0x06, 0x5B,
    0xB2, 0xEE, 0x0C, 0x6B, 0x32, 0xEE, 0x05, 0x2B, 0x22, 0xEE, 0x02, 0x5B, 0x85, 0xEE, 0x06, 0x6B,
    0x36, 0xEE, 0x07, 0x6B, 0x85, 0xEE, 0x06, 0x6B, 0x36, 0xEE, 0x08, 0x6B, 0x85, 0xEE, 0x06, 0x5B,
    0xB0, 0xEE, 0x00, 0x6B, 0x36, 0xEE, 0x42, 0x6B, 0x32, 0xEE, 0x02, 0x2B, 0x36, 0xEE, 0x05, 0x5B,
    0x82, 0xEE, 0x05, 0x5B, 0xB7, 0xEE, 0x00, 0x2B, 0x35, 0xEE, 0x02, 0x3B, 0x41, 0xEC, 0x15, 0x0B,
    0x5F, 0xEA, 0x49, 0x51, 0x58, 0xBF, 0x4F, 0xF0, 0x06, 0x0C, 0x23, 0xEE, 0x05, 0x3B, 0x83, 0xEE,
    0x07, 0x5B, 0xB4, 0xEE, 0x43, 0x1B, 0xF1, 0xEE, 0x10, 0xFA, 0xB5, 0xEE, 0x40, 0x1B, 0x44, 0xBF,
    0x01, 0x3C, 0xB0, 0xEE, 0x45, 0x3B, 0xF1, 0xEE, 0x10, 0xFA, 0x08, 0xBF, 0x04, 0x46, 0x04, 0xF1,
    0x63, 0x03, 0xC7, 0x2B, 0x38, 0xBF, 0x4F, 0xF0, 0x04, 0x08, 0x5F, 0xEA, 0x09, 0x53, 0x26, 0xD5,
    0x9F, 0xED, 0x58, 0x4B, 0xB4, 0xEE, 0x44, 0x1B, 0xF1, 0xEE, 0x10, 0xFA, 0x13, 0xDB, 0x9F, 0xED,
    0x57, 0x4B, 0xB4, 0xEE, 0x44, 0x1B, 0xF1, 0xEE, 0x10, 0xFA, 0x0C, 0xD5, 0xE1, 0x43, 0x00, 0x23,
    0xA4, 0x45, 0x49, 0xF4, 0x80, 0x69, 0xC8, 0xBF, 0x0C, 0xEB, 0x01, 0x03, 0x4F, 0xF0, 0x00, 0x08,
    0x00, 0x24, 0x9C, 0x46, 0x0B, 0xE0, 0xBC, 0xF1, 0x00, 0x0F, 0x06, 0xD0, 0xA7, 0xF1, 0x01, 0x0C,
    0x00, 0x29, 0x58, 0xBF, 0x4F, 0xF0, 0x06, 0x0C, 0x01, 0xE0, 0x4F, 0xF0, 0x00, 0x0C, 0xBA, 0xEB,
    0x08, 0x01, 0xB5, 0xEE, 0x40, 0x0B, 0x5B, 0x46, 0x28, 0xBF, 0x08, 0x46, 0xB8, 0xF1, 0x00, 0x0F,
    0x07, 0x46, 0x18, 0xBF, 0x00, 0x27, 0x5F, 0xEA, 0x89, 0x71, 0x07, 0x91, 0x58, 0xBF, 0x07, 0x46,
    0x00, 0x2C, 0x08, 0xBF, 0xB0, 0xEE, 0x42, 0x3B, 0xF1, 0xEE, 0x10, 0xFA, 0x30, 0x46, 0x81, 0xEE,
    0x03, 0x1B, 0x29, 0x46, 0xB1, 0xEE, 0x41, 0x0B, 0x48, 0xBF, 0xB0, 0xEE, 0x40, 0x1B, 0x06, 0x92,
    0xB0, 0xEE, 0x41, 0x0B, 0xCD, 0xE9, 0x00, 0xC7, 0xCD, 0xF8, 0x08, 0x90, 0xFF, 0xF7, 0x62, 0xF9,
    0x07, 0x46, 0xB8, 0xF1, 0x00, 0x0F, 0x36, 0xD0, 0x09, 0xF0, 0x20, 0x00, 0x29, 0x46, 0x3A, 0x46,
    0x5B, 0x46, 0x80, 0xF0, 0x65, 0x00, 0x07, 0xF1, 0x01, 0x09, 0xB0, 0x47, 0x20, 0x46, 0x00, 0x2C,
    0x00, 0xD5, 0x60, 0x42, 0x0A, 0x22, 0x4F, 0xEA, 0xD4, 0x71, 0xCD, 0xE9, 0x00, 0x01, 0x30, 0x46,
    0x02, 0x92, 0x29, 0x46, 0x4A, 0x46, 0x5B, 0x46, 0x4F, 0xF0, 0x00, 0x0C, 0x05, 0x24, 0xA8, 0xF1,
    0x01, 0x07, 0xCD, 0xE9, 0x03, 0xC7, 0x05, 0x94, 0x02, 0xF0, 0xD6, 0xFE, 0x02, 0x46, 0x07, 0x98,
    0x00, 0x28, 0x0F, 0xD5, 0x06, 0x99, 0x50, 0x1A, 0x50, 0x45, 0x0B, 0xD2, 0x4C, 0x42, 0x29, 0x46,
    0x5B, 0x46, 0x4F, 0xF0, 0x20, 0x00, 0x57, 0x1C, 0xB0, 0x47, 0xE0, 0x19, 0x3A, 0x46, 0x50, 0x45,
    0xF5, 0xD3, 0x00, 0xE0, 0x17, 0x46, 0x38, 0x46, 0x08, 0xB0, 0xBD, 0xEC, 0x02, 0x8B, 0x01, 0xB0,
    0xBD, 0xE8, 0xF0, 0x8F, 0xFF, 0xFF, 0xFF, 0xFF, 0xFF, 0xFF, 0xEF, 0xFF, 0xFF, 0xFF, 0xFF, 0xFF,
    0xFF, 0xFF, 0xEF, 0x7F, 0xFB, 0x79, 0x9F, 0x50, 0x13, 0x44, 0xD3, 0x3F, 0xB3, 0xC8, 0x60, 0x8B,
    0x28, 0x8A, 0xC6, 0x3F, 0x61, 0x43, 0x6F, 0x63, 0xA7, 0x87, 0xD2, 0x3F, 0x71, 0xA3, 0x79, 0x09,
    0x4F, 0x93, 0x0A, 0x40, 0xEF, 0x39, 0xFA, 0xFE, 0x42, 0x2E, 0xE6, 0xBF, 0x16, 0x55, 0xB5, 0xBB,
    0xB1, 0x6B, 0x02, 0x40, 0x2D, 0x43, 0x1C, 0xEB, 0xE2, 0x36, 0x1A, 0x3F, 0x00, 0x00, 0x00, 0x00,
    0x80, 0x84, 0x2E, 0x41, 0x2D, 0xE9, 0xF0, 0x4F, 0x89, 0xB0, 0x97, 0x4A, 0x07, 0x46, 0xDF, 0xF8,
    0x5C, 0xB2, 0x00, 0x26, 0x96, 0x4D, 0x88, 0x46, 0x97, 0x49, 0xF8, 0x23, 0xD2, 0xF8, 0x00, 0xA0,
    0x0B, 0xEB, 0xC0, 0x09, 0x00, 0x22, 0x93, 0x4C, 0x01, 0xCD, 0xBA, 0x45, 0x88, 0xBF, 0x4A, 0x46,
    0x00, 0x28, 0x03, 0x92, 0x18, 0xBF, 0x01, 0x20, 0x90, 0x4A, 0x00, 0x94, 0x03, 0xF0, 0xC4, 0xFA,
    0x28, 0x46, 0x4F, 0xF0, 0xFF, 0x31, 0x02, 0xF0, 0xF1, 0xFC, 0xBA, 0x45, 0x40, 0xF2, 0xFE, 0x80,
    0xD9, 0xF8, 0x04, 0x50, 0xFF, 0x23, 0x88, 0x49, 0x88, 0x4A, 0x89, 0x4C, 0x28, 0x46, 0x5B, 0xF8,
    0x37, 0xA0, 0x00, 0x2D, 0x18, 0xBF, 0x01, 0x20, 0x00, 0x94, 0x03, 0xF0, 0xAD, 0xFA, 0xD5, 0xF8,
    0x80, 0x00, 0x01, 0x28, 0x00, 0xF0, 0xE9, 0x80, 0x28, 0x46, 0xB8, 0xF1, 0x00, 0x0F, 0x04, 0xD0,
    0x41, 0x46, 0x58, 0x22, 0x04, 0xF0, 0x08, 0xEC, 0x01, 0xE0, 0x03, 0xF0, 0xD0, 0xFD, 0xDA, 0xF8,
    0x00, 0x00, 0xA8, 0x46, 0xCD, 0xF8, 0x08, 0x90, 0x05, 0xF1, 0x58, 0x0E, 0xC5, 0xF8, 0x30, 0x91,
    0x05, 0xF1, 0xD4, 0x09, 0xD5, 0xF8, 0x74, 0xB0, 0x48, 0xF8, 0xD0, 0x0F, 0x05, 0xF5, 0xA4, 0x70,
    0x9E, 0xE8, 0x5E, 0x50, 0xC5, 0xE9, 0x50, 0x80, 0x89, 0xE8, 0x5F, 0x10, 0xDA, 0xF8, 0x04, 0x00,
    0x05, 0xF5, 0xA8, 0x71, 0x05, 0xF1, 0x24, 0x0C, 0x05, 0xF1, 0x40, 0x06, 0xC5, 0xF8, 0xF0, 0xE0,
    0x4F, 0xF0, 0x00, 0x0E, 0xD5, 0xF8, 0x18, 0xA0, 0xC5, 0xF8, 0x48, 0x01, 0x95, 0xE8, 0x1D, 0x00,
    0x1C, 0xC1, 0xC5, 0xF8, 0x4C, 0x01, 0x9C, 0xE8, 0x0C, 0x10, 0x68, 0x69, 0xC5, 0xF8, 0x60, 0x21,
    0x95, 0xF8, 0x34, 0x20, 0x2C, 0x6B, 0xC5, 0xF8, 0x5C, 0x01, 0xC5, 0xE9, 0x59, 0x3C, 0x85, 0xF8,
    0x70, 0x21, 0xD5, 0xE9, 0x13, 0x02, 0xC5, 0xF8, 0x6C, 0x41, 0x58, 0xCE, 0xC5, 0xE9, 0x61, 0x60,
    0x68, 0x6D, 0x29, 0x69, 0xC5, 0xE9, 0x63, 0x2E, 0x5A, 0x4A, 0xC5, 0xE9, 0x65, 0xE0, 0x05, 0xF5,
    0xCE, 0x70, 0xC5, 0xF8, 0xF4, 0xB0, 0x01, 0x29, 0xC5, 0xF8, 0x24, 0xE1, 0xC5, 0xE9, 0x5D, 0x31,
    0xC5, 0xE9, 0x5F, 0xA4, 0x54, 0x4B, 0x55, 0x4C, 0x55, 0x4E, 0x5C, 0xC0, 0x09, 0xD1, 0xEB, 0x69,
    0x19, 0x46, 0x00, 0x2B, 0x18, 0xBF, 0x01, 0x21, 0xBA, 0xF1, 0x01, 0x0F, 0x05, 0xD0, 0x5B, 0xB9,
    0x7B, 0xE0, 0xBA, 0xF1, 0x01, 0x0F, 0x07, 0xD1, 0x01, 0x21, 0x28, 0x6A, 0x00, 0x26, 0x01, 0x24,
    0x00, 0x28, 0x74, 0xD0, 0x00, 0x29, 0x72, 0xD0, 0x00, 0x24, 0xBC, 0xF1, 0x03, 0x0F, 0xC5, 0xF8,
    0x24, 0x41, 0x0D, 0xD1, 0x47, 0x48, 0x48, 0x49, 0x50, 0xF8, 0x27, 0x00, 0xC5, 0xF8, 0x90, 0x01,
    0x51, 0xF8, 0x27, 0x00, 0xC5, 0xF8, 0x94, 0x01, 0x40, 0x46, 0x01, 0xF0, 0xD7, 0xFE, 0x04, 0xE0,
    0x40, 0x46, 0x01, 0xF0, 0x9D, 0xFF, 0xC5, 0xF8, 0xC8, 0x40, 0x00, 0x28, 0x55, 0xD1, 0x05, 0xF1,
    0x88, 0x06, 0x30, 0x46, 0x04, 0xF0, 0x8E, 0xFA, 0x04, 0x46, 0x08, 0xB9, 0xC5, 0xF8, 0x84, 0x60,
    0x05, 0xF1, 0x9C, 0x06, 0x00, 0x21, 0x30, 0x46, 0x04, 0xF0, 0x3A, 0xFA, 0x07, 0x19, 0x03, 0xD1,
    0xC5, 0xF8, 0x98, 0x60, 0xC5, 0xF8, 0x28, 0x61, 0x05, 0xF1, 0xB0, 0x04, 0x00, 0x21, 0x20, 0x46,
    0x04, 0xF0, 0x2E, 0xFA, 0x3F, 0x18, 0x03, 0xD1, 0xC5, 0xF8, 0xAC, 0x40, 0xC5, 0xF8, 0x2C, 0x41,
    0xE8, 0x6A, 0x02, 0x9E, 0x01, 0x28, 0x02, 0xD1, 0xA8, 0x6B, 0x01, 0x28, 0x01, 0xD1, 0x67, 0xBB,
    0x26, 0xE0, 0x28, 0x6B, 0x4F, 0xF6, 0xFF, 0x71, 0x20, 0x4A, 0x40, 0xF2, 0x71, 0x13, 0x27, 0x4C,
    0x40, 0x1A, 0x1D, 0x49, 0x18, 0xBF, 0x01, 0x20, 0x00, 0x94, 0x03, 0xF0, 0xDD, 0xF9, 0x04, 0xAE,
    0x30, 0x46, 0x04, 0xF0, 0x79, 0xFB, 0x28, 0x6B, 0x05, 0xF1, 0xC4, 0x04, 0x20, 0x49, 0x95, 0xF8,
    0x34, 0x20, 0xCD, 0xF8, 0x18, 0x80, 0xCD, 0xE9, 0x04, 0x01, 0x20, 0x46, 0x31, 0x46, 0x8D, 0xF8,
    0x1E, 0x20, 0x04, 0xF0, 0x65, 0xFB, 0xC7, 0x42, 0x07, 0xD1, 0x02, 0x9E, 0xC5, 0xF8, 0xC0, 0x40,
    0x01, 0x20, 0x00, 0x24, 0xC5, 0xF8, 0x80, 0x00, 0x01, 0xE0, 0x00, 0x26, 0x01, 0x24, 0x08, 0x48,
    0x04, 0x30, 0x03, 0xF0, 0xF4, 0xFE, 0x03, 0x98, 0x14, 0xB1, 0x08, 0xB1, 0x01, 0xF0, 0x36, 0xF9,
    0x30, 0x46, 0x09, 0xB0, 0xBD, 0xE8, 0xF0, 0x8F, 0xDC, 0xE0, 0x04, 0x70, 0xB4, 0xE0, 0x04, 0x70,
    0x78, 0xE0, 0x04, 0x70, 0x65, 0x5F, 0x30, 0x80, 0x2F, 0x62, 0x30, 0x80, 0x9C, 0x63, 0x30, 0x80,
    0x0A, 0x62, 0x30, 0x80, 0x43, 0x5B, 0x30, 0x80, 0x15, 0x5A, 0x30, 0x80, 0xD3, 0x55, 0x30, 0x80,
    0x03, 0x56, 0x30, 0x80, 0x20, 0xDE, 0x04, 0x70, 0xE0, 0xE0, 0x04, 0x70, 0xEC, 0x5E, 0x30, 0x80,
    0x8B, 0x24, 0x30, 0x80, 0x2D, 0xE9, 0xF8, 0x4F, 0xD0, 0xE9, 0x00, 0x49, 0x80, 0x46, 0x20, 0x46,
    0x04, 0xF0, 0x80, 0xF9, 0x00, 0x27, 0xD8, 0xF8, 0x00, 0x00, 0xFF, 0x21, 0xC7, 0x60, 0xD8, 0xF8,
    0x00, 0x00, 0x07, 0x61, 0xD8, 0xF8, 0x00, 0x00, 0x03, 0xF0, 0x5B, 0xFA, 0xD8, 0xE9, 0x00, 0x05,
    0xC1, 0x6E, 0x21, 0xF0, 0x02, 0x01, 0xC1, 0x66, 0xD8, 0xF8, 0x00, 0x00, 0x01, 0x6A, 0x01, 0x6A,
    0x41, 0xF0, 0x07, 0x01, 0x01, 0x62, 0xD8, 0xF8, 0x00, 0x00, 0x41, 0x6D, 0x41, 0xF0, 0x02, 0x01,
    0x41, 0x65, 0x68, 0x6D, 0x80, 0x47, 0x06, 0x46, 0xD8, 0xF8, 0x00, 0x00, 0x80, 0x6D, 0xC0, 0x07,
    0x0A, 0xD1, 0xAA, 0x6D, 0x00, 0x21, 0x4F, 0xF4, 0xFA, 0x70, 0x90, 0x47, 0x87, 0x42, 0x03, 0xD2,
    0x68, 0x6D, 0x80, 0x47, 0x87, 0x1B, 0xEF, 0xE7, 0xD9, 0xF8, 0x20, 0x80, 0x20, 0x46, 0xD9, 0xE9,
    0x0E, 0x67, 0x04, 0xF0, 0x47, 0xF9, 0xBF, 0x22, 0xE1, 0x68, 0x4F, 0xF0, 0x80, 0x0C, 0xE2, 0x60,
    0xA3, 0x68, 0xA5, 0x68, 0x45, 0xF0, 0x10, 0x05, 0x1B, 0x09, 0xA5, 0x60, 0xE1, 0x60, 0xE5, 0x68,
    0xC4, 0xF8, 0x0C, 0xC0, 0x21, 0x69, 0x21, 0x69, 0x41, 0xF0, 0x40, 0x01, 0x21, 0x61, 0xE5, 0x60,
    0xE1, 0x68, 0xE2, 0x60, 0xA2, 0x68, 0x63, 0xF3, 0x04, 0x12, 0x03, 0x23, 0xA2, 0x60, 0xB2, 0x08,
    0xE1, 0x60, 0x21, 0x6C, 0x41, 0xF0, 0x80, 0x01, 0x21, 0x64, 0xE1, 0x69, 0x62, 0xF3, 0x07, 0x11,
    0xE1, 0x61, 0x21, 0x6C, 0x41, 0xF0, 0x40, 0x01, 0x21, 0x64, 0xB9, 0x08, 0xE2, 0x69, 0x61, 0xF3,
    0x03, 0x02, 0xE2, 0x61, 0x30, 0x22, 0x21, 0x6C, 0xB8, 0xF1, 0x03, 0x0F, 0x02, 0xEA, 0x07, 0x12,
    0x08, 0xBF, 0x08, 0x23, 0x80, 0x46, 0x20, 0x46, 0x21, 0xF0, 0x01, 0x01, 0x66, 0xF3, 0x87, 0x12,
    0x00, 0x25, 0x21, 0x64, 0xD1, 0x18, 0xD4, 0xF8, 0x0C, 0xA0, 0x41, 0xF0, 0x07, 0x06, 0x00, 0x21,
    0xC4, 0xF8, 0x0C, 0xC0, 0x02, 0xF0, 0xAE, 0xF8, 0x83, 0x46, 0x20, 0x46, 0x04, 0xF0, 0xFA, 0xF8,
    0x07, 0x46, 0xA6, 0x60, 0x20, 0x46, 0x1D, 0xB9, 0x04, 0xF0, 0x3D, 0xF9, 0x05, 0x46, 0xF9, 0xE7,
    0x39, 0x46, 0x04, 0xF0, 0x8B, 0xF9, 0x20, 0x46, 0x59, 0x46, 0x02, 0xF0, 0x9B, 0xF8, 0xBF, 0x20,
    0xC4, 0xF8, 0x0C, 0xA0, 0xE1, 0x68, 0xE0, 0x60, 0xA2, 0x68, 0xA3, 0x68, 0x43, 0xF0, 0x10, 0x03,
    0x12, 0x09, 0xA3, 0x60, 0xE1, 0x60, 0x80, 0x21, 0xE3, 0x68, 0xE1, 0x60, 0x21, 0x69, 0x21, 0xF0,
    0x40, 0x01, 0x21, 0x61, 0xE3, 0x60, 0xE1, 0x68, 0xE0, 0x60, 0xA0, 0x68, 0x62, 0xF3, 0x04, 0x10,
    0xA0, 0x60, 0x20, 0x46, 0xE1, 0x60, 0x41, 0x46, 0x04, 0xF0, 0x68, 0xF9, 0xD9, 0xF8, 0x50, 0x00,
    0xD4, 0xF8, 0x94, 0x10, 0x60, 0xF3, 0x07, 0x01, 0xC4, 0xF8, 0x94, 0x10, 0xD9, 0xF8, 0x2C, 0x20,
    0xD9, 0xE9, 0x00, 0x01, 0x02, 0xF0, 0x07, 0x02, 0x02, 0x2A, 0x05, 0xD3, 0x03, 0x2A, 0x05, 0xD0,
    0x04, 0x2A, 0x4B, 0xD1, 0x2A, 0x22, 0x02, 0xE0, 0x09, 0x01, 0x01, 0xE0, 0x0D, 0x22, 0x51, 0x43,
    0x00, 0xEB, 0x51, 0x00, 0xB0, 0xFB, 0xF1, 0xF1, 0x20, 0x46, 0x02, 0xF0, 0x5B, 0xF8, 0xBF, 0x20,
    0xE1, 0x68, 0xE0, 0x60, 0xD9, 0xE9, 0x02, 0x21, 0xD9, 0xF8, 0x10, 0x30, 0x42, 0xEA, 0x81, 0x01,
    0xE2, 0x68, 0x01, 0xF0, 0x07, 0x01, 0x22, 0xF0, 0x3F, 0x02, 0x63, 0xF3, 0xC5, 0x01, 0x11, 0x44,
    0xE1, 0x60, 0xE1, 0x68, 0x21, 0xF0, 0x80, 0x01, 0xE1, 0x60, 0xE1, 0x68, 0x21, 0xF0, 0x40, 0x01,
    0xE1, 0x60, 0xD9, 0xF8, 0x2C, 0x10, 0x22, 0x6A, 0x22, 0x6A, 0x61, 0xF3, 0x02, 0x02, 0x22, 0x62,
    0xD9, 0xF8, 0x18, 0x10, 0x01, 0x29, 0x10, 0xD1, 0x20, 0x46, 0x03, 0x21, 0x04, 0xF0, 0x31, 0xF9,
    0xD9, 0xF8, 0x1C, 0x10, 0xD9, 0xF8, 0x38, 0x00, 0x81, 0x42, 0x0D, 0xD3, 0x01, 0xF0, 0x0F, 0x01,
    0x60, 0xF3, 0x07, 0x11, 0xA1, 0x61, 0xBD, 0xE8, 0xF8, 0x8F, 0xE1, 0x68, 0xE0, 0x60, 0xA0, 0x68,
    0x20, 0xF0, 0xC0, 0x00, 0xA0, 0x60, 0xE1, 0x60, 0xBD, 0xE8, 0xF8, 0x8F, 0x00, 0x21, 0xBB, 0xE7,
    0x2D, 0xE9, 0xFE, 0x4F, 0x00, 0x27, 0x01, 0x2A, 0x00, 0xF2, 0xE1, 0x80, 0x1C, 0x46, 0x3F, 0x2B,
    0x00, 0xF2, 0xDD, 0x80, 0x0C, 0x9B, 0x90, 0x46, 0x22, 0x46, 0x0D, 0x46, 0x06, 0x46, 0x02, 0xF0,
    0x2F, 0xFE, 0x6C, 0x48, 0xDF, 0xF8, 0xB0, 0xB1, 0x00, 0x68, 0x00, 0x28, 0x00, 0xF0, 0xCE, 0x80,
    0xDB, 0xF8, 0x00, 0x10, 0x09, 0x68, 0xB1, 0x42, 0x03, 0xD0, 0x0B, 0xF1, 0x08, 0x0B, 0x01, 0x38,
    0xF3, 0xE7, 0x01, 0x27, 0xBB, 0xF1, 0x00, 0x0F, 0x00, 0xF0, 0xC1, 0x80, 0x02, 0x95, 0x01, 0x20,
    0xDF, 0xF8, 0x8C, 0xA1, 0x40, 0xF2, 0xCB, 0x73, 0x62, 0x4D, 0xDF, 0xF8, 0x80, 0xC1, 0xDF, 0xF8,
    0x88, 0x91, 0x51, 0x46, 0x2A, 0x46, 0xCD, 0xF8, 0x00, 0xC0, 0xC8, 0x47, 0xDF, 0xF8, 0x7C, 0xC1,
    0x51, 0x46, 0x2A, 0x46, 0x01, 0x20, 0x40, 0xF2, 0xCC, 0x73, 0xCD, 0xF8, 0x00, 0xC0, 0xC8, 0x47,
    0x4D, 0x46, 0xDB, 0xE9, 0x00, 0xA9, 0x48, 0x46, 0xDF, 0xF8, 0x64, 0xC1, 0x54, 0x49, 0xB9, 0xF1,
    0x00, 0x0F, 0x54, 0x4A, 0x18, 0xBF, 0x01, 0x20, 0x40, 0xF2, 0xD4, 0x73, 0xCD, 0xF8, 0x00, 0xC0,
    0xA8, 0x47, 0x50, 0x46, 0xDF, 0xF8, 0x4C, 0xC1, 0x4D, 0x49, 0xBA, 0xF1, 0x00, 0x0F, 0x4D, 0x4A,
    0x18, 0xBF, 0x01, 0x20, 0x40, 0xF2, 0xD5, 0x73, 0xCD, 0xF8, 0x00, 0xC0, 0xA8, 0x47, 0x60, 0x09,
    0x04, 0xF0, 0x1F, 0x02, 0x0A, 0xEB, 0x80, 0x01, 0x4B, 0x6A, 0x07, 0xFA, 0x02, 0xF1, 0x0B, 0x42,
    0x0A, 0xD0, 0x09, 0xEB, 0x80, 0x00, 0xC0, 0x69, 0x08, 0x42, 0x05, 0xD1, 0x02, 0x99, 0x30, 0x46,
    0x42, 0x46, 0x23, 0x46, 0x03, 0xF0, 0x7B, 0xFA, 0xDF, 0xF8, 0xF4, 0xA0, 0x01, 0x20, 0x42, 0x4A,
    0x40, 0xF2, 0xA4, 0x73, 0x39, 0x4F, 0xDF, 0xF8, 0xF0, 0x90, 0x51, 0x46, 0x00, 0x97, 0xC8, 0x47,
    0x3D, 0x4F, 0x4D, 0x46, 0xDF, 0xF8, 0xF4, 0xC0, 0x51, 0x46, 0x01, 0x20, 0x40, 0xF2, 0xA5, 0x73,
    0xD1, 0x46, 0x3A, 0x46, 0xCD, 0xF8, 0x00, 0xC0, 0xA8, 0x47, 0x3A, 0x46, 0x3D, 0x46, 0x34, 0x4F,
    0x49, 0x46, 0xDB, 0xE9, 0x00, 0xBA, 0x40, 0xF2, 0xAD, 0x73, 0x50, 0x46, 0xBA, 0xF1, 0x00, 0x0F,
    0x18, 0xBF, 0x01, 0x20, 0x00, 0x97, 0x2C, 0x4F, 0xB8, 0x47, 0x2E, 0x4F, 0x58, 0x46, 0xBB, 0xF1,
    0x00, 0x0F, 0x18, 0xBF, 0x01, 0x20, 0x49, 0x46, 0x2A, 0x46, 0x40, 0xF2, 0xAE, 0x73, 0x00, 0x97,
    0x25, 0x4F, 0xB8, 0x47, 0xDA, 0xF8, 0x0C, 0x00, 0x49, 0x46, 0xDF, 0xF8, 0xA4, 0xC0, 0x2A, 0x46,
    0x40, 0xF2, 0xAF, 0x73, 0x00, 0x28, 0x18, 0xBF, 0x01, 0x20, 0xCD, 0xF8, 0x00, 0xC0, 0xB8, 0x47,
    0xDD, 0xF8, 0x34, 0xC0, 0xBC, 0xF1, 0x3F, 0x0F, 0x23, 0xD8, 0x4F, 0xEA, 0x5C, 0x10, 0x0C, 0xF0,
    0x1F, 0x02, 0x0B, 0xEB, 0x80, 0x01, 0x8B, 0x69, 0x01, 0x21, 0x91, 0x40, 0x0B, 0x42, 0x18, 0xD0,
    0x0A, 0xF1, 0x10, 0x02, 0x52, 0xF8, 0x20, 0x00, 0x08, 0x42, 0x12, 0xD1, 0x02, 0x9A, 0xBC, 0xF1,
    0x20, 0x00, 0x4F, 0xF4, 0x51, 0x71, 0x4F, 0xF0, 0x01, 0x03, 0x3C, 0xBF, 0x60, 0x46, 0x4F, 0xF4,
    0x50, 0x71, 0x06, 0xEB, 0xC2, 0x02, 0x03, 0xFA, 0x00, 0xF0, 0x57, 0x58, 0x27, 0xEA, 0x00, 0x00,
    0x50, 0x50, 0x30, 0x46, 0x41, 0x46, 0x22, 0x46, 0x03, 0xF0, 0xB4, 0xFD, 0x01, 0x27, 0x38, 0x46,
    0xBD, 0xE8, 0xFE, 0x8F, 0xD4, 0xE0, 0x04, 0x70, 0x20, 0xDE, 0x04, 0x70, 0xCB, 0x62, 0x30, 0x80,
    0x07, 0x63, 0x30, 0x80, 0xBB, 0x61, 0x30, 0x80, 0x55, 0x49, 0x30, 0x80, 0x66, 0x63, 0x30, 0x80,
    0xDA, 0x62, 0x30, 0x80, 0x24, 0x63, 0x30, 0x80, 0xB8, 0x60, 0x30, 0x80, 0x32, 0x63, 0x30, 0x80,
    0x89, 0x5E, 0x30, 0x80, 0xFE, 0xB5, 0x71, 0x49, 0x05, 0x46, 0x11, 0xF8, 0x10, 0x00, 0x03, 0x28,
    0x40, 0xD8, 0x6F, 0x4C, 0xDF, 0xE8, 0x00, 0xF0, 0x02, 0x10, 0x27, 0xD7, 0x01, 0xEB, 0x45, 0x00,
    0x40, 0x78, 0x01, 0xF0, 0xFF, 0xFD, 0x04, 0x46, 0x01, 0x2D, 0x40, 0xF0, 0xCC, 0x80, 0x6A, 0x48,
    0x00, 0x68, 0x00, 0xF0, 0x0F, 0x00, 0x60, 0xE0, 0x66, 0x4E, 0x01, 0xEB, 0x45, 0x00, 0x45, 0x78,
    0x30, 0x68, 0x02, 0x90, 0x02, 0x99, 0x64, 0x48, 0x49, 0x05, 0x2E, 0xD4, 0xD0, 0xF8, 0xE4, 0x13,
    0x19, 0x24, 0x49, 0x03, 0x46, 0xD4, 0xD0, 0xF8, 0xF4, 0x03, 0xC0, 0xF3, 0x03, 0x40, 0x01, 0x30,
    0xB4, 0xFB, 0xF0, 0xF4, 0x3E, 0xE0, 0x5C, 0x4E, 0x01, 0xEB, 0x45, 0x00, 0x45, 0x78, 0xD6, 0xF8,
    0x04, 0x03, 0x01, 0x90, 0x01, 0x98, 0x40, 0x05, 0x41, 0xD4, 0xD6, 0xF8, 0xE4, 0x02, 0x19, 0x24,
    0x40, 0x03, 0x59, 0xD4, 0xD6, 0xF8, 0xF4, 0x02, 0xC0, 0xF3, 0x03, 0x40, 0x01, 0x30, 0xB4, 0xFB,
    0xF0, 0xF4, 0x51, 0xE0, 0x52, 0x49, 0x00, 0x20, 0x57, 0x4A, 0x40, 0xF2, 0xE5, 0x73, 0x52, 0x4D,
    0x00, 0x24, 0x00, 0x95, 0x02, 0xF0, 0x20, 0xFF, 0x8D, 0xE0, 0xD0, 0xF8, 0xF0, 0x23, 0xD0, 0xF8,
    0xF0, 0x43, 0xD0, 0xF8, 0xF4, 0x13, 0xD0, 0xF8, 0xF8, 0x33, 0xD0, 0xB2, 0xC4, 0xF3, 0x06, 0x42,
    0x6F, 0xF3, 0x1F, 0x31, 0x6F, 0xF3, 0x9F, 0x43, 0x03, 0xF0, 0xB2, 0xFC, 0x44, 0x49, 0x04, 0x46,
    0x44, 0x4A, 0x00, 0x28, 0x41, 0x4F, 0x18, 0xBF, 0x01, 0x20, 0x40, 0xF2, 0x25, 0x73, 0x00, 0x97,
    0x02, 0xF0, 0x02, 0xFF, 0x04, 0x2D, 0x00, 0xF2, 0x6A, 0x80, 0xDF, 0xE8, 0x05, 0xF0, 0x03, 0x4C,
    0x3B, 0x41, 0x2F, 0x00, 0xB0, 0x68, 0x00, 0xF0, 0x1F, 0x00, 0x01, 0x30, 0x61, 0xE0, 0xD6, 0xF8,
    0xF0, 0x02, 0xD6, 0xF8, 0xF0, 0x22, 0xD6, 0xF8, 0xF4, 0x12, 0xD6, 0xF8, 0xF8, 0x32, 0xC0, 0xB2,
    0xC2, 0xF3, 0x06, 0x42, 0x6F, 0xF3, 0x1F, 0x31, 0x6F, 0xF3, 0x9F, 0x43, 0x03, 0xF0, 0x88, 0xFC,
    0x2F, 0x49, 0x04, 0x46, 0x32, 0x4A, 0x00, 0x28, 0x2C, 0x4F, 0x18, 0xBF, 0x01, 0x20, 0x40, 0xF2,
    0xFF, 0x63, 0x00, 0x97, 0x02, 0xF0, 0xD8, 0xFE, 0x04, 0x2D, 0x41, 0xD8, 0xDF, 0xE8, 0x05, 0xF0,
    0x03, 0x34, 0x1E, 0x2E, 0x0C, 0x00, 0xD6, 0xF8, 0x0C, 0x03, 0x19, 0xE0, 0x24, 0x49, 0x00, 0x20,
    0x26, 0x4A, 0x40, 0xF2, 0x89, 0x73, 0x1B, 0xE0, 0x21, 0x49, 0x00, 0x20, 0x25, 0x4A, 0x40, 0xF2,
    0x5C, 0x73, 0x26, 0xE0, 0x1E, 0x49, 0x00, 0x20, 0x20, 0x4A, 0x40, 0xF2, 0x7D, 0x73, 0x0F, 0xE0,
    0x1B, 0x49, 0x00, 0x20, 0x1D, 0x4A, 0x40, 0xF2, 0x83, 0x73, 0x09, 0xE0, 0xD6, 0xF8, 0x14, 0x03,
    0x00, 0xF0, 0x1F, 0x05, 0x1C, 0xE0, 0x16, 0x49, 0x00, 0x20, 0x18, 0x4A, 0x40, 0xF2, 0x77, 0x73,
    0x15, 0x4D, 0x00, 0x95, 0x02, 0xF0, 0xA8, 0xFE, 0x01, 0x20, 0x12, 0xE0, 0x10, 0x49, 0x00, 0x20,
    0x14, 0x4A, 0x40, 0xF2, 0x56, 0x73, 0x04, 0xE0, 0x0D, 0x49, 0x00, 0x20, 0x11, 0x4A, 0x40, 0xF2,
    0x4B, 0x73, 0x0D, 0x4E, 0x00, 0x25, 0x00, 0x96, 0x02, 0xF0, 0x96, 0xFE, 0x00, 0xE0, 0x00, 0xE0,
    0x68, 0x1C, 0xB4, 0xFB, 0xF0, 0xF4, 0x20, 0x46, 0xFE, 0xBD, 0x00, 0xBF, 0x64, 0x60, 0x30, 0x80,
    0x40, 0x78, 0x7D, 0x01, 0x24, 0x09, 0x20, 0x53, 0x20, 0x05, 0x20, 0x53, 0x88, 0x63, 0x30, 0x80,
    0x91, 0x61, 0x30, 0x80, 0x53, 0x62, 0x30, 0x80, 0xA6, 0x63, 0x30, 0x80, 0x7B, 0x61, 0x30, 0x80,
    0x41, 0x62, 0x30, 0x80, 0x4F, 0x61, 0x30, 0x80, 0x43, 0x5E, 0x30, 0x80, 0x7F, 0xB5, 0x05, 0x46,
    0x08, 0x46, 0x16, 0x46, 0x0C, 0x46, 0xFF, 0xF7, 0xFD, 0xFE, 0x31, 0x46, 0x03, 0xF0, 0x2A, 0xFC,
    0x1B, 0x2D, 0x00, 0xF2, 0xBF, 0x80, 0x6C, 0x49, 0x6C, 0x4A, 0x01, 0xF5, 0x00, 0x73, 0xDF, 0xE8,
    0x05, 0xF0, 0xB3, 0x0E, 0x45, 0x51, 0x28, 0x75, 0x85, 0x57, 0x96, 0x33, 0x91, 0x23, 0x2E, 0x80,
    0x1E, 0x4B, 0x18, 0x5D, 0x8B, 0xA2, 0x63, 0x7B, 0x9C, 0xA8, 0x3F, 0x39, 0xAD, 0x12, 0x0D, 0x1D,
    0x01, 0xF5, 0x01, 0x73, 0x9F, 0xE0, 0x62, 0x4A, 0x01, 0xF5, 0xB8, 0x75, 0x01, 0xF5, 0x5C, 0x73,
    0x99, 0xE0, 0x5F, 0x4A, 0x01, 0xF1, 0xE0, 0x05, 0x01, 0xF5, 0x38, 0x73, 0x93, 0xE0, 0x01, 0xF5,
    0x82, 0x75, 0x01, 0xF5, 0x41, 0x73, 0x8E, 0xE0, 0x01, 0xF1, 0x84, 0x05, 0x01, 0xF5, 0x21, 0x73,
    0x89, 0xE0, 0x5D, 0x4A, 0x01, 0xF1, 0x40, 0x05, 0x01, 0xF5, 0x10, 0x73, 0x83, 0xE0, 0x01, 0xF1,
    0x88, 0x05, 0x01, 0xF5, 0x22, 0x73, 0x7E, 0xE0, 0x56, 0x4A, 0x01, 0xF1, 0xC4, 0x05, 0x01, 0xF5,
    0x31, 0x73, 0x78, 0xE0, 0x4E, 0x4A, 0x01, 0xF5, 0xB4, 0x75, 0x01, 0xF5, 0x5A, 0x73, 0x72, 0xE0,
    0x4B, 0x4A, 0x01, 0xF5, 0xB2, 0x75, 0x01, 0xF5, 0x59, 0x73, 0x6C, 0xE0, 0x4F, 0x4A, 0x01, 0xF1,
    0xF0, 0x05, 0x01, 0xF5, 0x3C, 0x73, 0x66, 0xE0, 0x49, 0x4A, 0x01, 0xF5, 0xF2, 0x75, 0x01, 0xF5,
    0x79, 0x73, 0x60, 0xE0, 0x49, 0x4A, 0x01, 0xF1, 0xF4, 0x05, 0x01, 0xF5, 0x3D, 0x73, 0x5A, 0xE0,
    0x45, 0x4A, 0x01, 0xF1, 0x4C, 0x05, 0x01, 0xF5, 0x13, 0x73, 0x54, 0xE0, 0x40, 0x4A, 0x01, 0xF5,
    0xF4, 0x75, 0x01, 0xF5, 0x7A, 0x73, 0x4E, 0xE0, 0x40, 0xF6, 0x1F, 0x10, 0xE0, 0x40, 0xC0, 0x07,
    0x50, 0xD0, 0x3A, 0x48, 0x30, 0xF8, 0x14, 0x00, 0xD1, 0xF8, 0x20, 0x21, 0x01, 0x92, 0x01, 0x9A,
    0x60, 0xF3, 0x0B, 0x02, 0x00, 0x20, 0xC1, 0xF8, 0x20, 0x21, 0x5B, 0xE0, 0x36, 0x4A, 0x01, 0xF1,
    0x44, 0x05, 0x01, 0xF5, 0x11, 0x73, 0x36, 0xE0, 0x01, 0xF5, 0x80, 0x75, 0x01, 0xF5, 0x40, 0x73,
    0x31, 0xE0, 0x01, 0xF1, 0x8C, 0x05, 0x01, 0xF5, 0x23, 0x73, 0x2C, 0xE0, 0x2E, 0x4A, 0x01, 0xF1,
    0x48, 0x05, 0x01, 0xF5, 0x12, 0x73, 0x26, 0xE0, 0x25, 0x4A, 0x01, 0xF1, 0xE4, 0x05, 0x01, 0xF5,
    0x39, 0x73, 0x20, 0xE0, 0x01, 0xF1, 0x80, 0x05, 0x01, 0xF5, 0x20, 0x73, 0x1B, 0xE0, 0x25, 0x4A,
    0x01, 0xF1, 0xC0, 0x05, 0x01, 0xF5, 0x30, 0x73, 0x15, 0xE0, 0x1E, 0x4A, 0x01, 0xF1, 0xF8, 0x05,
    0x01, 0xF5, 0x3E, 0x73, 0x0F, 0xE0, 0x1C, 0x4A, 0x01, 0xF1, 0xFC, 0x05, 0x01, 0xF5, 0x3F, 0x73,
    0x09, 0xE0, 0x01, 0xF5, 0x92, 0x75, 0x01, 0xF5, 0x49, 0x73, 0x04, 0xE0, 0x14, 0x4A, 0x01, 0xF5,
    0xB6, 0x75, 0x01, 0xF5, 0x5B, 0x73, 0x29, 0x46, 0x32, 0xF8, 0x14, 0x20, 0x40, 0xF6, 0x88, 0x04,
    0xA2, 0x42, 0x02, 0xD1, 0x4F, 0xF0, 0xFF, 0x30, 0x14, 0xE0, 0x1C, 0x68, 0x00, 0xF0, 0x0F, 0x00,
    0x40, 0xF6, 0xFF, 0x76, 0x00, 0xEB, 0x00, 0x15, 0x02, 0x94, 0x02, 0x9C, 0xB4, 0x43, 0x44, 0xEA,
    0x05, 0x14, 0x20, 0x44, 0x18, 0x60, 0x08, 0x68, 0x03, 0x90, 0x00, 0x20, 0x03, 0x9B, 0x62, 0xF3,
    0x0B, 0x03, 0x0B, 0x60, 0x04, 0xB0, 0x70, 0xBD, 0x00, 0x81, 0x20, 0x53, 0xF4, 0x5F, 0x30, 0x80,
    0x2C, 0x60, 0x30, 0x80, 0xA0, 0x5F, 0x30, 0x80, 0xD8, 0x5F, 0x30, 0x80, 0xBC, 0x5F, 0x30, 0x80,
    0x10, 0x60, 0x30, 0x80, 0x9C, 0x60, 0x30, 0x80, 0x80, 0x60, 0x30, 0x80, 0x48, 0x60, 0x30, 0x80,
    0x00, 0x00, 0x50, 0xE3, 0x1E, 0xFF, 0x2F, 0x01, 0xF0, 0x41, 0x2D, 0xE9, 0x00, 0x40, 0xA0, 0xE1,
    0x80, 0x01, 0x9F, 0xE5, 0x00, 0x00, 0x90, 0xE5, 0x30, 0xFF, 0x2F, 0xE1, 0x78, 0x61, 0x9F, 0xE5,
    0x08, 0x40, 0x44, 0xE2, 0x00, 0x20, 0xA0, 0xE3, 0x00, 0x00, 0x96, 0xE5, 0x06, 0x10, 0xA0, 0xE1,
    0x02, 0x50, 0xA0, 0xE1, 0x04, 0x00, 0x51, 0xE1, 0x01, 0x30, 0xC0, 0xE3, 0x01, 0x20, 0xA0, 0xE1,
    0x03, 0x30, 0x86, 0xE0, 0x08, 0x60, 0x83, 0xE2, 0xF6, 0xFF, 0xFF, 0x3A, 0x4C, 0x21, 0x9F, 0xE5,
    0x44, 0x31, 0x9F, 0xE5, 0x07, 0x00, 0x52, 0xE3, 0x03, 0x70, 0x82, 0xE0, 0x08, 0x30, 0x47, 0x82,
    0x03, 0x00, 0x56, 0xE1, 0x00, 0x60, 0x00, 0x83, 0x04, 0x00, 0x51, 0xE1, 0x45, 0x00, 0x00, 0x1A,
    0x01, 0x00, 0x10, 0xE2, 0x43, 0x00, 0x00, 0x0A, 0x00, 0x00, 0x55, 0xE3, 0x09, 0x00, 0x00, 0x0A,
    0x00, 0x10, 0x95, 0xE5, 0x00, 0x00, 0xA0, 0xE3, 0x00, 0x70, 0xA0, 0xE3, 0x01, 0x00, 0x11, 0xE3,
    0x05, 0x00, 0xA0, 0x01, 0x00, 0x00, 0x56, 0xE3, 0x05, 0x00, 0x00, 0x1A, 0x01, 0x00, 0x11, 0xE3,
    0x0B, 0x00, 0x00, 0x0A, 0x22, 0x00, 0x00, 0xEA, 0x00, 0x00, 0xA0, 0xE3, 0x00, 0x00, 0x56, 0xE3,
    0x1F, 0x00, 0x00, 0x0A, 0x00, 0x10, 0xD6, 0xE5, 0x00, 0x70, 0xA0, 0xE3, 0x00, 0x80, 0xA0, 0xE3,
    0x01, 0x00, 0x11, 0xE3, 0x06, 0x70, 0xA0, 0x01, 0x00, 0x00, 0x50, 0xE3, 0x07, 0x00, 0x00, 0x0A,
    0x00, 0x50, 0xA0, 0xE1, 0x05, 0x00, 0xA0, 0xE1, 0x72, 0x0D, 0x00, 0xEB, 0x01, 0x80, 0xA0, 0xE3,
    0x00, 0x00, 0x57, 0xE3, 0x1D, 0x00, 0x00, 0x0A, 0x07, 0x60, 0xA0, 0xE1, 0x02, 0x00, 0x00, 0xEA,
    0x00, 0x50, 0xA0, 0xE3, 0x00, 0x00, 0x57, 0xE3, 0x0D, 0x00, 0x00, 0x0A, 0x06, 0x00, 0xA0, 0xE1,
    0x68, 0x0D, 0x00, 0xEB, 0x00, 0x00, 0x58, 0xE3, 0x0C, 0x00, 0x00, 0x0A, 0x00, 0x00, 0x95, 0xE5,
    0x00, 0x10, 0x94, 0xE5, 0x00, 0x20, 0x96, 0xE5, 0x01, 0x00, 0xC0, 0xE3, 0x01, 0x10, 0xC1, 0xE3,
    0x01, 0x20, 0xC2, 0xE3, 0x01, 0x00, 0x80, 0xE0, 0x02, 0x00, 0x80, 0xE0, 0x10, 0x00, 0x80, 0xE2,
    0x10, 0x00, 0x00, 0xEA, 0x00, 0x00, 0x94, 0xE5, 0x01, 0x00, 0xC0, 0xE3, 0x05, 0x00, 0x00, 0xEA,
    0x00, 0x00, 0x94, 0xE5, 0x00, 0x10, 0x96, 0xE5, 0x01, 0x00, 0xC0, 0xE3, 0x01, 0x10, 0xC1, 0xE3,
    0x01, 0x00, 0x80, 0xE0, 0x08, 0x00, 0x80, 0xE2, 0x00, 0x00, 0x84, 0xE5, 0x07, 0x00, 0x00, 0xEA,
    0x00, 0x00, 0x95, 0xE5, 0x00, 0x10, 0x94, 0xE5, 0x01, 0x00, 0xC0, 0xE3, 0x01, 0x10, 0xC1, 0xE3,
    0x01, 0x00, 0x80, 0xE0, 0x08, 0x00, 0x80, 0xE2, 0x05, 0x40, 0xA0, 0xE1, 0x00, 0x00, 0x85, 0xE5,
    0x04, 0x00, 0xA0, 0xE1, 0x67, 0x0C, 0x00, 0xEB, 0x14, 0x00, 0x9F, 0xE5, 0x00, 0x00, 0x90, 0xE5,
    0xF0, 0x41, 0xBD, 0xE8, 0x10, 0xFF, 0x2F, 0xE1, 0xBC, 0xE0, 0x04, 0x70, 0xC0, 0x0B, 0x04, 0x70,
    0x00, 0x80, 0x00, 0x00, 0xC8, 0xE0, 0x04, 0x70, 0xF0, 0x4B, 0x2D, 0xE9, 0x00, 0x00, 0x51, 0xE3,
    0x58, 0x00, 0x00, 0x0A, 0x78, 0x51, 0x9F, 0xE5, 0x00, 0x40, 0xA0, 0xE3, 0x00, 0x80, 0xA0, 0xE3,
    0x07, 0x00, 0x55, 0xE3, 0x08, 0x40, 0x45, 0x82, 0x01, 0x00, 0x54, 0xE1, 0x56, 0x00, 0x00, 0x3A,
    0x01, 0x20, 0x40, 0xE2, 0x5C, 0x31, 0x9F, 0xE5, 0x08, 0x70, 0xA0, 0xE3, 0x07, 0x60, 0x81, 0xE2,
    0x02, 0x00, 0x10, 0xE1, 0x00, 0x70, 0xA0, 0x01, 0x07, 0x00, 0x50, 0xE3, 0x00, 0x00, 0x93, 0xE5,
    0x08, 0x20, 0xA0, 0xE3, 0x02, 0x70, 0xA0, 0x91, 0x30, 0xFF, 0x2F, 0xE1, 0x38, 0x01, 0x9F, 0xE5,
    0x00, 0x10, 0xD0, 0xE5, 0x00, 0x00, 0x51, 0xE3, 0x0A, 0x00, 0x00, 0x1A, 0x00, 0x10, 0xA0, 0xE3,
    0x09, 0x00, 0x55, 0xE3, 0x03, 0x00, 0x00, 0x3A, 0x20, 0x11, 0x9F, 0xE5, 0x00, 0x20, 0xA0, 0xE3,
    0x00, 0x40, 0x81, 0xE5, 0x08, 0x20, 0x81, 0xE5, 0x01, 0x30, 0xA0, 0xE3, 0x10, 0x21, 0x9F, 0xE5,
    0x00, 0x10, 0x82, 0xE5, 0x00, 0x30, 0xC0, 0xE5, 0x04, 0x51, 0x9F, 0xE5, 0x07, 0x90, 0xC6, 0xE3,
    0x01, 0x00, 0x47, 0xE2, 0x00, 0x10, 0x67, 0xE2, 0x00, 0x60, 0x95, 0xE5, 0x00, 0x00, 0x56, 0xE3,
    0x32, 0x00, 0x00, 0x0A, 0x08, 0x50, 0x86, 0xE2, 0x05, 0x20, 0x80, 0xE0, 0x01, 0x40, 0x02, 0xE0,
    0x04, 0x00, 0x55, 0xE1, 0x0C, 0x00, 0x00, 0x0A, 0x10, 0x20, 0x86, 0xE2, 0x08, 0x30, 0x44, 0xE2,
    0x03, 0x00, 0x52, 0xE1, 0x01, 0x00, 0x00, 0x9A, 0x07, 0x40, 0x84, 0xE0, 0xFA, 0xFF, 0xFF, 0xEA,
    0x00, 0x20, 0x96, 0xE5, 0x09, 0x30, 0x84, 0xE0, 0x01, 0x20, 0xC2, 0xE3, 0x02, 0x20, 0x85, 0xE0,
    0x03, 0x00, 0x52, 0xE1, 0xEB, 0xFF, 0xFF, 0x3A, 0x04, 0x00, 0x00, 0xEA, 0x00, 0x20, 0x96, 0xE5,
    0x01, 0x20, 0xC2, 0xE3, 0x09, 0x00, 0x52, 0xE1, 0xE6, 0xFF, 0xFF, 0xBA, 0x05, 0x40, 0xA0, 0xE1,
    0x06, 0x00, 0xA0, 0xE1, 0xFB, 0x0C, 0x00, 0xEB, 0x05, 0x00, 0x54, 0xE1, 0x0D, 0x00, 0x00, 0x0A,
    0x00, 0x00, 0x96, 0xE5, 0x05, 0x10, 0x44, 0xE0, 0x08, 0x10, 0x41, 0xE2, 0x06, 0x40, 0xA0, 0xE1,
    0x01, 0x00, 0xC0, 0xE3, 0x01, 0x20, 0xC1, 0xE3, 0x01, 0x00, 0x40, 0xE0, 0x01, 0x00, 0x80, 0xE3,
    0x08, 0x00, 0x40, 0xE2, 0x02, 0x10, 0x84, 0xE6, 0x08, 0x00, 0xA4, 0xE5, 0x06, 0x00, 0xA0, 0xE1,
    0x0C, 0x0C, 0x00, 0xEB, 0x04, 0x60, 0xA0, 0xE1, 0x06, 0x00, 0xA0, 0xE1, 0x09, 0x10, 0xA0, 0xE1,
    0x24, 0x06, 0x00, 0xEB, 0x3C, 0x00, 0x9F, 0xE5, 0x00, 0x00, 0x90, 0xE5, 0x30, 0xFF, 0x2F, 0xE1,
    0x08, 0x80, 0x86, 0xE2, 0x04, 0x00, 0x00, 0xEA, 0x00, 0x80, 0xA0, 0xE3, 0x02, 0x00, 0x00, 0xEA,
    0x20, 0x00, 0x9F, 0xE5, 0x00, 0x00, 0x90, 0xE5, 0x30, 0xFF, 0x2F, 0xE1, 0x08, 0x00, 0xA0, 0xE1,
    0xF0, 0x8B, 0xBD, 0xE8, 0x00, 0x80, 0x00, 0x00, 0xBC, 0xE0, 0x04, 0x70, 0xE8, 0xE0, 0x04, 0x70,
    0xC0, 0x0B, 0x04, 0x70, 0xB8, 0x0B, 0x04, 0x70, 0xC8, 0xE0, 0x04, 0x70, 0x2D, 0xE9, 0xF0, 0x4F,
    0x8D, 0xB0, 0x80, 0x46, 0x40, 0x68, 0x85, 0x6C, 0x00, 0x2D, 0x00, 0xF0, 0xB6, 0x80, 0x28, 0x46,
    0x0C, 0x46, 0x03, 0xF0, 0x01, 0xF8, 0x07, 0x46, 0x28, 0x46, 0x03, 0xF0, 0x2F, 0xFC, 0x81, 0x46,
    0x28, 0x46, 0xC4, 0xE9, 0x09, 0x97, 0x03, 0xF0, 0x07, 0xFD, 0x01, 0x46, 0x4F, 0xF0, 0xFF, 0x30,
    0x00, 0x2F, 0x00, 0xF0, 0xA4, 0x80, 0xB9, 0xF1, 0x07, 0x0F, 0x00, 0xF2, 0xA0, 0x80, 0x01, 0x29,
    0x40, 0xF0, 0x9D, 0x80, 0x20, 0x69, 0x0C, 0x90, 0x0C, 0xA9, 0x28, 0x46, 0x02, 0xF0, 0x88, 0xFD,
    0x4F, 0xF6, 0xFF, 0x7B, 0x06, 0x46, 0x28, 0x46, 0xCD, 0xF8, 0x28, 0xB0, 0x0A, 0xA9, 0x02, 0xF0,
    0xCF, 0xFD, 0x06, 0x44, 0xCD, 0xF8, 0x1C, 0xB0, 0x07, 0xA9, 0x28, 0x46, 0x02, 0xF0, 0xA0, 0xFD,
    0x36, 0x18, 0x26, 0xD1, 0x0A, 0x9A, 0x04, 0xF1, 0x2C, 0x00, 0x0C, 0x9B, 0x49, 0x46, 0x07, 0x9E,
    0x4F, 0xF0, 0x01, 0x0C, 0x04, 0x90, 0x38, 0x46, 0x00, 0x92, 0x00, 0x22, 0xCD, 0xE9, 0x01, 0x6C,
    0x01, 0xF0, 0xA6, 0xFE, 0x0A, 0x99, 0x82, 0x46, 0x3A, 0x4A, 0x28, 0x46, 0xC4, 0xE9, 0x0B, 0x18,
    0x04, 0x99, 0x62, 0x63, 0x01, 0xF0, 0x66, 0xF9, 0x06, 0x46, 0xBA, 0xF1, 0x00, 0x0F, 0x08, 0xBF,
    0x01, 0x3E, 0x36, 0xB9, 0x07, 0x98, 0x00, 0x26, 0x0C, 0x99, 0x0A, 0x9A, 0xA0, 0x61, 0x21, 0x61,
    0x62, 0x60, 0x60, 0x69, 0x0B, 0x90, 0x0B, 0xA9, 0x28, 0x46, 0x02, 0xF0, 0x49, 0xFD, 0x06, 0x44,
    0xCD, 0xF8, 0x24, 0xB0, 0x09, 0xA9, 0x28, 0x46, 0x02, 0xF0, 0x92, 0xFD, 0x06, 0x44, 0xCD, 0xF8,
    0x18, 0xB0, 0x06, 0xA9, 0x28, 0x46, 0x02, 0xF0, 0x63, 0xFD, 0x36, 0x18, 0x23, 0xD1, 0x0B, 0x9B,
    0x00, 0x22, 0x09, 0x9E, 0x38, 0x46, 0x49, 0x46, 0xDD, 0xF8, 0x18, 0xC0, 0x04, 0xF1, 0x40, 0x0A,
    0x02, 0x92, 0xCD, 0xE9, 0x00, 0x6C, 0x01, 0xF0, 0x6B, 0xFE, 0x09, 0x99, 0x07, 0x46, 0x1E, 0x4A,
    0x28, 0x46, 0xC4, 0xE9, 0x10, 0x18, 0x51, 0x46, 0xA2, 0x64, 0x01, 0xF0, 0x2B, 0xF9, 0x06, 0x46,
    0x00, 0x2F, 0x08, 0xBF, 0x01, 0x3E, 0x36, 0xB9, 0x06, 0x98, 0x00, 0x26, 0x0B, 0x99, 0x09, 0x9A,
    0xE0, 0x61, 0x61, 0x61, 0xA2, 0x60, 0x4F, 0xF6, 0xFF, 0x77, 0x28, 0x46, 0x08, 0x97, 0x08, 0xA9,
    0x02, 0xF0, 0x5E, 0xFD, 0x06, 0x44, 0x05, 0x97, 0x05, 0xA9, 0x28, 0x46, 0x02, 0xF0, 0x30, 0xFD,
    0x80, 0x19, 0x14, 0xD1, 0x08, 0x98, 0x04, 0xF1, 0x54, 0x01, 0x0C, 0x4A, 0xC4, 0xE9, 0x15, 0x08,
    0x28, 0x46, 0xE2, 0x65, 0x01, 0xF0, 0x06, 0xF9, 0x48, 0xB9, 0x05, 0x98, 0x01, 0x22, 0x08, 0x99,
    0xA2, 0x66, 0x20, 0x62, 0x00, 0x20, 0xE1, 0x60, 0x01, 0xE0, 0x4F, 0xF0, 0xFF, 0x30, 0x0D, 0xB0,
    0xBD, 0xE8, 0xF0, 0x8F, 0xE5, 0x4E, 0x30, 0x80, 0x75, 0x4F, 0x30, 0x80, 0xF7, 0x48, 0x30, 0x80,
    0x2D, 0xE9, 0xF0, 0x4F, 0x8F, 0xB0, 0x00, 0x28, 0x00, 0xF0, 0x99, 0x80, 0x40, 0x68, 0xC6, 0x6C,
    0xB1, 0x6E, 0x00, 0x29, 0x00, 0xF0, 0x96, 0x80, 0xD0, 0xF8, 0x48, 0xB0, 0x06, 0xF1, 0x2C, 0x01,
    0x35, 0x69, 0xD6, 0xF8, 0x04, 0x90, 0xB2, 0x69, 0xD6, 0xE9, 0x09, 0x47, 0x58, 0x46, 0x0E, 0x95,
    0xCD, 0xF8, 0x30, 0x90, 0x04, 0x92, 0x09, 0x92, 0x00, 0xF0, 0x40, 0xFF, 0x02, 0x22, 0x82, 0x46,
    0x38, 0x46, 0x21, 0x46, 0x2B, 0x46, 0x4F, 0xF0, 0x01, 0x0C, 0x00, 0x92, 0x00, 0x22, 0x05, 0x97,
    0x06, 0x94, 0xCD, 0xE9, 0x01, 0x9C, 0xFF, 0xF7, 0x6B, 0xFA, 0x00, 0x28, 0x08, 0xBF, 0xAA, 0xF1,
    0x01, 0x0A, 0x4F, 0xF6, 0xFF, 0x78, 0x45, 0x45, 0x04, 0xD0, 0x0E, 0xA9, 0x58, 0x46, 0x01, 0xF0,
    0x75, 0xFB, 0x82, 0x44, 0xC1, 0x45, 0x04, 0xD0, 0x0C, 0xA9, 0x58, 0x46, 0x01, 0xF0, 0x0E, 0xFC,
    0x82, 0x44, 0x04, 0x98, 0x4F, 0xF6, 0xFF, 0x79, 0x48, 0x45, 0x04, 0xD0, 0x09, 0xA9, 0x58, 0x46,
    0x01, 0xF0, 0xB4, 0xFB, 0x82, 0x44, 0x75, 0x69, 0x06, 0xF1, 0x40, 0x01, 0xB4, 0x68, 0x58, 0x46,
    0xD6, 0xF8, 0x1C, 0x80, 0x0D, 0x95, 0x0B, 0x94, 0xCD, 0xF8, 0x20, 0x80, 0x00, 0xF0, 0x06, 0xFF,
    0x02, 0x22, 0x00, 0xEB, 0x0A, 0x07, 0xDD, 0xE9, 0x05, 0x01, 0x2B, 0x46, 0x4F, 0xF0, 0x00, 0x0C,
    0xCD, 0xE9, 0x01, 0x4C, 0x00, 0x92, 0x00, 0x22, 0xFF, 0xF7, 0x32, 0xFA, 0x00, 0x28, 0x08, 0xBF,
    0x01, 0x3F, 0x4D, 0x45, 0x04, 0xD0, 0x0D, 0xA9, 0x58, 0x46, 0x01, 0xF0, 0x3F, 0xFB, 0x07, 0x44,
    0x4F, 0xF6, 0xFF, 0x75, 0xAC, 0x42, 0x04, 0xD0, 0x0B, 0xA9, 0x58, 0x46, 0x01, 0xF0, 0xD6, 0xFB,
    0x07, 0x44, 0xA8, 0x45, 0x04, 0xD0, 0x08, 0xA9, 0x58, 0x46, 0x01, 0xF0, 0x7F, 0xFB, 0x07, 0x44,
    0xF4, 0x68, 0x06, 0xF1, 0x54, 0x01, 0xD6, 0xF8, 0x20, 0x80, 0x58, 0x46, 0x0A, 0x94, 0xCD, 0xF8,
    0x1C, 0x80, 0x00, 0xF0, 0xD3, 0xFE, 0xC5, 0x19, 0x4F, 0xF6, 0xFF, 0x77, 0xBC, 0x42, 0x04, 0xD0,
    0x0A, 0xA9, 0x58, 0x46, 0x01, 0xF0, 0xBA, 0xFB, 0x05, 0x44, 0xB8, 0x45, 0x04, 0xD0, 0x07, 0xA9,
    0x58, 0x46, 0x01, 0xF0, 0x63, 0xFB, 0x05, 0x44, 0x00, 0x20, 0xB0, 0x66, 0x03, 0xE0, 0x4F, 0xF0,
    0xFF, 0x35, 0x00, 0xE0, 0x00, 0x25, 0x28, 0x46, 0x0F, 0xB0, 0xBD, 0xE8, 0xF0, 0x8F, 0x00, 0x28,
    0x00, 0xF0, 0xA1, 0x80, 0x2D, 0xE9, 0xF8, 0x4F, 0x04, 0x46, 0x00, 0xF1, 0x28, 0x0B, 0x00, 0xF1,
    0x3C, 0x09, 0x0D, 0xF1, 0x03, 0x08, 0x4F, 0xF0, 0x00, 0x0A, 0x20, 0x68, 0x03, 0xF0, 0xA9, 0xFA,
    0x41, 0x07, 0x18, 0xD4, 0x80, 0x07, 0x40, 0xF1, 0x8C, 0x80, 0x20, 0x69, 0x00, 0x28, 0x74, 0xD0,
    0x61, 0x68, 0x02, 0x46, 0xC9, 0x6B, 0x81, 0x42, 0x38, 0xBF, 0x0A, 0x46, 0x13, 0x46, 0x93, 0xB1,
    0xA7, 0x68, 0x01, 0x3B, 0x26, 0x68, 0x17, 0xF8, 0x01, 0x5B, 0x35, 0x60, 0xE5, 0x68, 0x01, 0x35,
    0xC4, 0xE9, 0x02, 0x75, 0xF3, 0xE7, 0x00, 0xF0, 0x06, 0x01, 0x06, 0x29, 0x1A, 0xD1, 0x20, 0x46,
    0x02, 0xF0, 0x72, 0xF9, 0xD9, 0xE7, 0x82, 0x1A, 0x88, 0x42, 0x22, 0x61, 0xD5, 0xD8, 0x20, 0x68,
    0x02, 0x21, 0x02, 0xF0, 0x06, 0xFB, 0xD4, 0xE9, 0x02, 0x10, 0xE2, 0x6B, 0x09, 0x1A, 0xA1, 0x60,
    0x12, 0xB1, 0x20, 0x64, 0xC4, 0xF8, 0x48, 0xA0, 0x60, 0x68, 0x01, 0x6E, 0x20, 0x46, 0x88, 0x47,
    0x48, 0x46, 0x3E, 0xE0, 0x00, 0xF0, 0x0C, 0x00, 0x0C, 0x28, 0x1D, 0xD1, 0x20, 0x68, 0x05, 0x21,
    0x02, 0xF0, 0xEF, 0xFA, 0x20, 0x68, 0x03, 0xF0, 0x59, 0xFA, 0x90, 0xB9, 0x20, 0x68, 0xFF, 0x21,
    0xC0, 0xF8, 0x98, 0x10, 0xC0, 0xF8, 0x9C, 0x10, 0xD0, 0xF8, 0x8C, 0x10, 0x21, 0xF0, 0x06, 0x01,
    0xC0, 0xF8, 0x8C, 0x10, 0x81, 0x68, 0xD0, 0xF8, 0x8C, 0x10, 0x21, 0xF0, 0x06, 0x01, 0xC0, 0xF8,
    0x8C, 0x10, 0x20, 0x6A, 0x01, 0x30, 0x20, 0x62, 0xE1, 0x69, 0x19, 0xB3, 0x20, 0x46, 0x02, 0xF0,
    0x49, 0xFE, 0xE0, 0x61, 0x18, 0xB1, 0x60, 0x68, 0x40, 0x69, 0x01, 0x28, 0x23, 0xD1, 0x20, 0x68,
    0x05, 0x21, 0x02, 0xF0, 0xC6, 0xFA, 0xD4, 0xE9, 0x05, 0x10, 0xA2, 0x6A, 0x09, 0x1A, 0x61, 0x61,
    0x12, 0xB1, 0xE0, 0x62, 0xC4, 0xF8, 0x34, 0xA0, 0x60, 0x68, 0xC1, 0x6D, 0x20, 0x46, 0x88, 0x47,
    0x58, 0x46, 0x14, 0x21, 0x03, 0xF0, 0xE2, 0xEA, 0x7F, 0xE7, 0x20, 0x68, 0x02, 0x21, 0x02, 0xF0,
    0xB0, 0xFA, 0x7A, 0xE7, 0x20, 0x68, 0x41, 0x46, 0x03, 0xF0, 0x43, 0xF9, 0x20, 0x68, 0x05, 0x21,
    0x02, 0xF0, 0xA7, 0xFA, 0x71, 0xE7, 0x20, 0x68, 0x41, 0x68, 0x41, 0xF0, 0x05, 0x01, 0x41, 0x60,
    0x6B, 0xE7, 0xBD, 0xE8, 0xF8, 0x4F, 0x70, 0x47, 0xF8, 0x4F, 0x2D, 0xE9, 0x28, 0xA1, 0x9F, 0xE5,
    0x02, 0x60, 0xA0, 0xE1, 0x03, 0x70, 0xA0, 0xE1, 0x01, 0x80, 0xA0, 0xE1, 0x00, 0x50, 0xA0, 0xE1,
    0x00, 0x20, 0x9A, 0xE5, 0x32, 0xFF, 0x2F, 0xE1, 0x00, 0x00, 0x95, 0xE5, 0x00, 0x90, 0xE0, 0xE3,
    0x01, 0x00, 0x70, 0xE3, 0x3B, 0x00, 0x00, 0x0A, 0x04, 0x00, 0x56, 0xE3, 0x01, 0x00, 0x00, 0x0A,
    0x00, 0x00, 0x57, 0xE3, 0x37, 0x00, 0x00, 0x0A, 0x05, 0x40, 0xA0, 0xE1, 0x04, 0x00, 0xB4, 0xE5,
    0x10, 0xB0, 0x94, 0xE5, 0x00, 0x00, 0x50, 0xE3, 0x09, 0x00, 0x00, 0x0A, 0x08, 0x00, 0x1B, 0xE3,
    0x01, 0x00, 0x00, 0x0A, 0x01, 0x00, 0x40, 0xE2, 0x08, 0xFE, 0xFF, 0xEB, 0x00, 0x00, 0xA0, 0xE3,
    0x08, 0xB0, 0xCB, 0xE3, 0x00, 0x00, 0x84, 0xE5, 0x04, 0x00, 0x84, 0xE5, 0x08, 0x00, 0x84, 0xE5,
    0x0C, 0x00, 0x84, 0xE5, 0x01, 0x00, 0x56, 0xE3, 0x01, 0x60, 0xA0, 0x93, 0x07, 0x00, 0xCB, 0xE3,
    0x07, 0xB0, 0xA0, 0xE1, 0x01, 0x0C, 0x57, 0xE3, 0x01, 0xBC, 0xA0, 0x23, 0x06, 0x60, 0x80, 0xE1,
    0x00, 0x00, 0x58, 0xE3, 0x01, 0x00, 0x57, 0x13, 0x14, 0x60, 0x85, 0xE5, 0x0A, 0x00, 0x00, 0x1A,
    0x01, 0xB0, 0x8B, 0xE2, 0x0B, 0x00, 0xA0, 0xE1, 0x3A, 0x0D, 0x00, 0xEB, 0x00, 0x00, 0x84, 0xE5,
    0x00, 0x00, 0x50, 0xE3, 0x15, 0x00, 0x00, 0x0A, 0x01, 0x00, 0x80, 0xE2, 0x08, 0x10, 0x86, 0xE3,
    0x04, 0x00, 0x85, 0xE5, 0x14, 0x10, 0x85, 0xE5, 0x01, 0x00, 0x00, 0xEA, 0x01, 0x00, 0x88, 0xE2,
    0x00, 0x00, 0x84, 0xE5, 0x54, 0x10, 0x9F, 0xE5, 0x0B, 0x20, 0x80, 0xE0, 0x01, 0x20, 0x42, 0xE2,
    0x08, 0x00, 0x85, 0xE5, 0x10, 0x00, 0x85, 0xE5, 0x00, 0x10, 0x91, 0xE5, 0x0C, 0x20, 0x85, 0xE5,
    0x31, 0xFF, 0x2F, 0xE1, 0x00, 0x00, 0x9A, 0xE5, 0x30, 0xFF, 0x2F, 0xE1, 0x34, 0x00, 0x9F, 0xE5,
    0x00, 0x90, 0xA0, 0xE3, 0x28, 0x10, 0x9F, 0xE5, 0x00, 0x00, 0x81, 0xE5, 0x01, 0x00, 0x00, 0xEA,
    0x01, 0x0B, 0x86, 0xE3, 0x14, 0x00, 0x85, 0xE5, 0x10, 0x00, 0x9F, 0xE5, 0x00, 0x00, 0x90, 0xE5,
    0x30, 0xFF, 0x2F, 0xE1, 0x09, 0x00, 0xA0, 0xE1, 0xF8, 0x8F, 0xBD, 0xE8, 0xBC, 0xE0, 0x04, 0x70,
    0xC8, 0xE0, 0x04, 0x70, 0x9C, 0xE0, 0x04, 0x70, 0xB0, 0x49, 0x30, 0x80, 0x2D, 0xE9, 0xF0, 0x43,
    0x81, 0xB0, 0x45, 0xF6, 0x82, 0x78, 0x46, 0xF2, 0xAA, 0x27, 0xC8, 0xF2, 0x30, 0x08, 0xC8, 0xF2,
    0x30, 0x07, 0x46, 0xF2, 0x4D, 0x36, 0x0D, 0x46, 0xC8, 0xF2, 0x30, 0x06, 0x04, 0x46, 0x00, 0x28,
    0x18, 0xBF, 0x01, 0x20, 0x41, 0x46, 0x3A, 0x46, 0x41, 0x23, 0x00, 0x96, 0x02, 0xF0, 0x04, 0xF9,
    0x28, 0x68, 0x45, 0xF6, 0x2B, 0x76, 0xC8, 0xF2, 0x30, 0x06, 0x41, 0x46, 0x01, 0x38, 0x3A, 0x46,
    0x43, 0x23, 0xB0, 0xFA, 0x80, 0xF0, 0x00, 0x96, 0x4F, 0xEA, 0x50, 0x10, 0x02, 0xF0, 0xF4, 0xF8,
    0x68, 0x68, 0x3A, 0x46, 0x46, 0xF2, 0x07, 0x17, 0x41, 0x46, 0xC8, 0xF2, 0x30, 0x07, 0x44, 0x23,
    0x00, 0x28, 0x18, 0xBF, 0x01, 0x20, 0x00, 0x97, 0x02, 0xF0, 0xE6, 0xF8, 0xA9, 0x68, 0x01, 0x26,
    0x01, 0x20, 0x19, 0xB9, 0xE8, 0x68, 0x00, 0x28, 0x18, 0xBF, 0x01, 0x20, 0x45, 0xF6, 0x82, 0x71,
    0x46, 0xF2, 0xAA, 0x22, 0x45, 0xF6, 0x80, 0x57, 0xC8, 0xF2, 0x30, 0x01, 0xC8, 0xF2, 0x30, 0x02,
    0xC8, 0xF2, 0x30, 0x07, 0x45, 0x23, 0x00, 0x97, 0x02, 0xF0, 0xCE, 0xF8, 0x20, 0x68, 0x4F, 0xF0,
    0x00, 0x09, 0x00, 0x21, 0x20, 0xF0, 0x01, 0x00, 0x20, 0x60, 0xC4, 0xF8, 0x88, 0x60, 0xE8, 0x68,
    0x20, 0xB9, 0xA8, 0x68, 0x4F, 0xF4, 0x7A, 0x71, 0xA0, 0xFB, 0x01, 0x01, 0x6A, 0x68, 0x4C, 0xF6,
    0x00, 0x28, 0xC3, 0xF6, 0x9A, 0x38, 0xA0, 0xFB, 0x02, 0x03, 0x01, 0xFB, 0x02, 0x36, 0x00, 0x23,
    0x42, 0x46, 0x31, 0x46, 0x02, 0xF0, 0xBE, 0xEF, 0x00, 0x23, 0x46, 0x45, 0x38, 0xBF, 0x01, 0x23,
    0x45, 0xF6, 0x82, 0x71, 0x46, 0xF2, 0xAA, 0x22, 0x45, 0xF6, 0x48, 0x76, 0xC8, 0xF2, 0x30, 0x01,
    0xC8, 0xF2, 0x30, 0x02, 0xC8, 0xF2, 0x30, 0x06, 0x07, 0x46, 0x18, 0x46, 0x54, 0x23, 0x00, 0x96,
    0x02, 0xF0, 0x9A, 0xF8, 0x78, 0x1E, 0x01, 0x21, 0xC4, 0xF8, 0x14, 0x90, 0x80, 0x22, 0xC4, 0xF8,
    0x10, 0x90, 0xA0, 0x61, 0x21, 0x65, 0x61, 0x65, 0xC4, 0xF8, 0x0C, 0x90, 0x68, 0x69, 0x00, 0x28,
    0x08, 0xBF, 0x84, 0x22, 0x11, 0x51, 0x4F, 0xF4, 0x80, 0x72, 0xA8, 0x69, 0x80, 0x21, 0x00, 0x28,
    0x08, 0xBF, 0x84, 0x21, 0x0A, 0x51, 0x01, 0xB0, 0xBD, 0xE8, 0xF0, 0x83, 0x2D, 0xE9, 0xF8, 0x4F,
    0x00, 0x28, 0x4E, 0xD0, 0x46, 0x68, 0x05, 0x46, 0x00, 0x2E, 0x4A, 0xD0, 0xD6, 0xF8, 0x80, 0x00,
    0x00, 0x28, 0x46, 0xD0, 0xDF, 0xF8, 0x04, 0x91, 0x06, 0xF1, 0xD0, 0x08, 0xDF, 0xF8, 0x00, 0xB1,
    0x01, 0x20, 0x3D, 0x4C, 0x4F, 0xF4, 0xDB, 0x73, 0xDF, 0xF8, 0xF8, 0xA0, 0x2F, 0x68, 0x49, 0x46,
    0x5A, 0x46, 0xC6, 0xF8, 0x40, 0x81, 0x00, 0x94, 0xD0, 0x47, 0x38, 0x46, 0x3A, 0x4C, 0x00, 0x2F,
    0x18, 0xBF, 0x01, 0x20, 0x49, 0x46, 0x5A, 0x46, 0x40, 0xF2, 0xB7, 0x13, 0x00, 0x94, 0xD0, 0x47,
    0x36, 0x4C, 0x49, 0x46, 0xDF, 0xF8, 0xD8, 0xC0, 0x5A, 0x46, 0x40, 0xF2, 0xB9, 0x13, 0x01, 0xCC,
    0x00, 0x28, 0x18, 0xBF, 0x01, 0x20, 0xCD, 0xF8, 0x00, 0xC0, 0xD0, 0x47, 0x20, 0x46, 0x4F, 0xF0,
    0xFF, 0x31, 0x01, 0xF0, 0x73, 0xFA, 0x28, 0x46, 0x01, 0xF0, 0xCA, 0xFD, 0x38, 0x68, 0x07, 0x21,
    0x02, 0xF0, 0x17, 0xF9, 0x38, 0x68, 0x02, 0x21, 0x03, 0xF0, 0xFF, 0xF8, 0x38, 0x68, 0x07, 0x21,
    0x03, 0xF0, 0xE0, 0xF8, 0xF0, 0x6A, 0x03, 0x28, 0x05, 0xD1, 0x40, 0x46, 0x02, 0xF0, 0x81, 0xFB,
    0x04, 0xE0, 0xBD, 0xE8, 0xF8, 0x8F, 0x40, 0x46, 0x02, 0xF0, 0x1E, 0xFC, 0xD6, 0xF8, 0x84, 0x00,
    0x30, 0xB1, 0x06, 0xF1, 0x88, 0x00, 0x01, 0xF0, 0x16, 0xFC, 0x00, 0x20, 0xC6, 0xF8, 0x84, 0x00,
    0xD6, 0xF8, 0x98, 0x00, 0x40, 0xB1, 0x06, 0xF1, 0x9C, 0x00, 0x01, 0xF0, 0x0C, 0xFC, 0x00, 0x20,
    0xC6, 0xF8, 0x98, 0x00, 0xC6, 0xF8, 0x28, 0x01, 0xD6, 0xF8, 0xAC, 0x00, 0x40, 0xB1, 0x06, 0xF1,
    0xB0, 0x00, 0x01, 0xF0, 0x00, 0xFC, 0x00, 0x20, 0xC6, 0xF8, 0xAC, 0x00, 0xC6, 0xF8, 0x2C, 0x01,
    0xD6, 0xF8, 0xC0, 0x00, 0x30, 0xB1, 0x06, 0xF1, 0xC4, 0x00, 0x03, 0xF0, 0x95, 0xF9, 0x00, 0x20,
    0xC6, 0xF8, 0xC0, 0x00, 0x09, 0x48, 0x00, 0x21, 0xC6, 0xF8, 0x80, 0x10, 0x04, 0x30, 0xBD, 0xE8,
    0xF8, 0x4F, 0x02, 0xF0, 0x2C, 0xBD, 0x00, 0xBF, 0x0A, 0x62, 0x30, 0x80, 0x2F, 0x62, 0x30, 0x80,
    0x72, 0x63, 0x30, 0x80, 0x55, 0x49, 0x30, 0x80, 0x1D, 0x62, 0x30, 0x80, 0x78, 0xE0, 0x04, 0x70,
    0x65, 0x5F, 0x30, 0x80, 0x2D, 0xE9, 0xF0, 0x4F, 0x85, 0xB0, 0x14, 0x9C, 0x94, 0x46, 0xDD, 0xE9,
    0x12, 0x5A, 0x8E, 0x46, 0xDD, 0xF8, 0x40, 0xB0, 0x80, 0x46, 0x0F, 0x9F, 0x0E, 0x9E, 0xA0, 0x07,
    0x3E, 0xD4, 0xBA, 0xF1, 0x00, 0x0F, 0x0C, 0xD0, 0xE0, 0x07, 0x07, 0xD0, 0x14, 0xF0, 0x0C, 0x00,
    0x18, 0xBF, 0x01, 0x20, 0x40, 0xEA, 0x0B, 0x00, 0xAA, 0xEB, 0x00, 0x0A, 0xCD, 0xF8, 0x10, 0xA0,
    0x01, 0xE0, 0x00, 0x20, 0x04, 0x90, 0x4F, 0xF0, 0x20, 0x0A, 0x20, 0x2D, 0x38, 0xBF, 0xAA, 0x46,
    0x4F, 0xF0, 0x20, 0x09, 0xBA, 0x45, 0x11, 0xD9, 0xF0, 0x19, 0xAA, 0xEB, 0x07, 0x01, 0x30, 0x22,
    0x1F, 0x46, 0xE3, 0x46, 0x44, 0x46, 0xF0, 0x46, 0x03, 0xF0, 0x80, 0xE8, 0xC6, 0x46, 0xA0, 0x46,
    0x14, 0x9C, 0xDC, 0x46, 0xDD, 0xF8, 0x40, 0xB0, 0x3B, 0x46, 0x57, 0x46, 0xDD, 0xF8, 0x10, 0xA0,
    0xBA, 0xF1, 0x20, 0x0F, 0x38, 0xBF, 0xD1, 0x46, 0x5F, 0xEA, 0xC4, 0x70, 0x07, 0xD0, 0x4F, 0x45,
    0x05, 0xD2, 0x30, 0x20, 0x39, 0x46, 0x01, 0x37, 0x70, 0x54, 0x4F, 0x45, 0xFA, 0xD3, 0x12, 0x9D,
    0xE0, 0x06, 0x2B, 0xD5, 0x11, 0x98, 0x61, 0x05, 0x0C, 0xD4, 0x5F, 0xB1, 0xAF, 0x42, 0x18, 0xBF,
    0x57, 0x45, 0x07, 0xD1, 0x79, 0x1E, 0x0A, 0x46, 0x18, 0xBF, 0xBA, 0x1E, 0x10, 0x28, 0x18, 0xBF,
    0x0A, 0x46, 0x17, 0x46, 0x10, 0x28, 0x05, 0xD1, 0xA0, 0x06, 0x09, 0xD4, 0x20, 0x2F, 0x07, 0xD2,
    0x78, 0x20, 0x0A, 0xE0, 0x02, 0x28, 0x0B, 0xD1, 0x1F, 0x2F, 0x09, 0xD8, 0x62, 0x20, 0x04, 0xE0,
    0x00, 0x28, 0x05, 0xD5, 0x20, 0x2F, 0x03, 0xD2, 0x58, 0x20, 0x79, 0x1C, 0xF0, 0x55, 0x0F, 0x46,
    0x1F, 0x2F, 0x14, 0xD8, 0x78, 0x1C, 0x30, 0x21, 0xF1, 0x55, 0x07, 0x46, 0x1F, 0x2F, 0x0E, 0xD8,
    0xBB, 0xF1, 0x00, 0x0F, 0x01, 0xD0, 0x2D, 0x20, 0x06, 0xE0, 0x60, 0x07, 0x03, 0xD4, 0x20, 0x07,
    0x05, 0xD5, 0x20, 0x20, 0x00, 0xE0, 0x2B, 0x20, 0x79, 0x1C, 0xF0, 0x55, 0x0F, 0x46, 0x40, 0x46,
    0x71, 0x46, 0x62, 0x46, 0x00, 0x96, 0xCD, 0xE9, 0x01, 0x7A, 0x03, 0x94, 0x00, 0xF0, 0x48, 0xFF,
    0x05, 0xB0, 0xBD, 0xE8, 0xF0, 0x8F, 0x70, 0x47, 0x2D, 0xE9, 0xF8, 0x4F, 0x90, 0x46, 0x1C, 0x46,
    0xDF, 0xE8, 0x03, 0xF0, 0x02, 0x1D, 0x0C, 0x14, 0x01, 0xF1, 0x10, 0x07, 0x00, 0xF1, 0x18, 0x05,
    0x00, 0xF1, 0x4C, 0x0B, 0x40, 0x26, 0x4F, 0xF0, 0x02, 0x09, 0x17, 0xE0, 0x01, 0xF1, 0x1C, 0x07,
    0x00, 0xF1, 0x24, 0x05, 0x40, 0x26, 0x4F, 0xF0, 0x02, 0x09, 0x0F, 0xE0, 0x01, 0xF1, 0x24, 0x07,
    0x00, 0xF1, 0x2C, 0x05, 0x4F, 0xF4, 0x80, 0x76, 0x4F, 0xF0, 0x08, 0x09, 0x06, 0xE0, 0x01, 0xF1,
    0x18, 0x07, 0x00, 0xF1, 0x20, 0x05, 0x08, 0x26, 0x4F, 0xF0, 0x01, 0x09, 0x03, 0xF0, 0xB0, 0xE8,
    0xD8, 0xF8, 0x00, 0x20, 0x4F, 0xF6, 0xFF, 0x71, 0x00, 0x90, 0x8A, 0x42, 0x3B, 0xD1, 0x01, 0x23,
    0x00, 0x21, 0x00, 0x22, 0x4F, 0xF0, 0xFF, 0x3A, 0x4F, 0xF0, 0x00, 0x0E, 0x49, 0x45, 0x43, 0xD0,
    0x00, 0x26, 0x1F, 0x2E, 0x25, 0xD8, 0x22, 0xBB, 0x55, 0xF8, 0x21, 0x00, 0x03, 0xFA, 0x06, 0xF2,
    0x00, 0xEA, 0x02, 0x0C, 0x9C, 0xB1, 0xBC, 0xF1, 0x00, 0x0F, 0x17, 0xD0, 0x57, 0xF8, 0x21, 0x00,
    0x10, 0x42, 0x13, 0xD1, 0x0E, 0xEB, 0x06, 0x00, 0x4F, 0xF0, 0x00, 0x0A, 0xC8, 0xF8, 0x00, 0x00,
    0x57, 0xF8, 0x21, 0x00, 0x10, 0x43, 0x01, 0x22, 0x47, 0xF8, 0x21, 0x00, 0x07, 0xE0, 0xBC, 0xF1,
    0x00, 0x0F, 0x03, 0xD0, 0x5B, 0xF8, 0x21, 0x00, 0x10, 0x42, 0xE7, 0xD0, 0x00, 0x22, 0x01, 0x36,
    0xD7, 0xE7, 0xD8, 0xF8, 0x00, 0x00, 0x01, 0x31, 0x0E, 0xF1, 0x20, 0x0E, 0x4F, 0xF6, 0xFF, 0x76,
    0xB0, 0x42, 0xCB, 0xD0, 0x10, 0xE0, 0xB2, 0x42, 0x0C, 0xD2, 0x51, 0x09, 0x02, 0xF0, 0x1F, 0x04,
    0x01, 0x22, 0x55, 0xF8, 0x21, 0x30, 0xA2, 0x40, 0x13, 0x42, 0x03, 0xD0, 0x57, 0xF8, 0x21, 0x00,
    0x10, 0x42, 0x07, 0xD0, 0x4F, 0xF0, 0xFF, 0x3A, 0x00, 0x98, 0x03, 0xF0, 0x56, 0xE8, 0x50, 0x46,
    0xBD, 0xE8, 0xF8, 0x8F, 0x10, 0x43, 0x4F, 0xF0, 0x00, 0x0A, 0x47, 0xF8, 0x21, 0x00, 0xF3, 0xE7,
    0x01, 0x00, 0x53, 0xE1, 0x00, 0x00, 0x52, 0x01, 0x07, 0x00, 0x00, 0x9A, 0x00, 0x20, 0x9D, 0xE5,
    0x00, 0x00, 0x52, 0xE3, 0x01, 0x00, 0x00, 0x0A, 0x00, 0x00, 0x82, 0xE5, 0x04, 0x10, 0x82, 0xE5,
    0x00, 0x10, 0xB0, 0xE3, 0x00, 0x00, 0xB0, 0xE3, 0x1E, 0xFF, 0x2F, 0xE1, 0x00, 0x00, 0x53, 0xE3,
    0x00, 0x00, 0x52, 0x03, 0x0D, 0x00, 0x00, 0x1A, 0x00, 0x20, 0x9D, 0xE5, 0x00, 0x00, 0x52, 0xE3,
    0x01, 0x00, 0x00, 0x0A, 0x00, 0x00, 0x82, 0xE5, 0x04, 0x10, 0x82, 0xE5, 0x00, 0x20, 0xB0, 0xE1,
    0x01, 0x30, 0xB0, 0xE1, 0x00, 0x10, 0xB0, 0xE3, 0x00, 0x00, 0xB0, 0xE3, 0x00, 0x00, 0x53, 0xE3,
    0x00, 0x00, 0x52, 0x03, 0x01, 0x10, 0xE0, 0x11, 0x00, 0x00, 0xE0, 0x11, 0xF4, 0x0B, 0x00, 0xEA,
    0xF0, 0x40, 0x2D, 0xE9, 0x03, 0x40, 0xA0, 0xE1, 0x02, 0x50, 0xA0, 0xE1, 0x01, 0x30, 0xA0, 0xE1,
    0x00, 0x20, 0xA0, 0xE1, 0x00, 0x00, 0xB0, 0xE3, 0x00, 0x10, 0xB0, 0xE3, 0x14, 0x6F, 0x6F, 0xE1,
    0x20, 0x00, 0x56, 0xE3, 0x15, 0x6F, 0x6F, 0x01, 0x20, 0x60, 0x86, 0x02, 0x13, 0x7F, 0x6F, 0xE1,
    0x20, 0x00, 0x57, 0xE3, 0x12, 0x7F, 0x6F, 0x01, 0x20, 0x70, 0x87, 0x02, 0x07, 0x60, 0x56, 0xE0,
    0x20, 0x70, 0x56, 0xE2, 0x15, 0x47, 0xA0, 0x21, 0x00, 0x50, 0xA0, 0x23, 0x00, 0x70, 0x67, 0x32,
    0x14, 0x46, 0xA0, 0x31, 0x35, 0x77, 0xA0, 0x31, 0x07, 0x40, 0x84, 0x31, 0x15, 0x56, 0xA0, 0x31,
    0x04, 0x00, 0x53, 0xE1, 0x05, 0x00, 0x52, 0x01, 0x01, 0x00, 0x00, 0x3A, 0x05, 0x20, 0x52, 0xE0,
    0x04, 0x30, 0xD3, 0xE0, 0x00, 0x00, 0xB0, 0xE0, 0x01, 0x10, 0xB1, 0xE0, 0xA5, 0x50, 0xB0, 0xE1,
    0x84, 0x5F, 0x85, 0xE1, 0xA4, 0x40, 0xB0, 0xE1, 0x01, 0x60, 0x56, 0xE2, 0xF3, 0xFF, 0xFF, 0x5A,
    0x14, 0x70, 0x9D, 0xE5, 0x00, 0x00, 0x57, 0xE3, 0x01, 0x00, 0x00, 0x0A, 0x00, 0x20, 0x87, 0xE5,
    0x04, 0x30, 0x87, 0xE5, 0xF0, 0x80, 0xBD, 0xE8, 0x2D, 0xE9, 0xF8, 0x4F, 0x48, 0xB1, 0x80, 0x46,
    0x04, 0x46, 0x58, 0xF8, 0x3C, 0x0F, 0x38, 0xB1, 0x09, 0x20, 0x4F, 0xF0, 0xFF, 0x36, 0xA0, 0x64,
    0x76, 0xE0, 0x6F, 0xF0, 0x02, 0x06, 0x73, 0xE0, 0x0A, 0x9D, 0x00, 0x20, 0xA0, 0x64, 0x05, 0xB1,
    0x28, 0x68, 0x65, 0x6D, 0xE0, 0x64, 0x04, 0xF1, 0x3C, 0x00, 0x0E, 0xC0, 0x01, 0x2D, 0x08, 0xD1,
    0x2A, 0xB1, 0x31, 0xB1, 0x2A, 0xB1, 0x00, 0x20, 0xC4, 0xE9, 0x02, 0x10, 0x01, 0xE0, 0x0A, 0x20,
    0xA0, 0x64, 0xD4, 0xE9, 0x00, 0x9A, 0x02, 0x20, 0xDA, 0xF8, 0x54, 0x10, 0x22, 0x61, 0x60, 0x65,
    0x88, 0x47, 0x83, 0x46, 0x25, 0x69, 0x8D, 0xB3, 0xA6, 0x68, 0x40, 0xF6, 0xB8, 0x31, 0x20, 0x68,
    0x0F, 0x46, 0x02, 0xF0, 0xB0, 0xFE, 0x00, 0xF0, 0x60, 0x00, 0x60, 0x28, 0x01, 0xD0, 0x79, 0x1E,
    0xF5, 0xD8, 0x28, 0x46, 0x02, 0x2F, 0x0A, 0xD3, 0x00, 0x20, 0x03, 0xE0, 0x31, 0x5C, 0x01, 0x30,
    0x22, 0x68, 0x11, 0x60, 0x40, 0x28, 0x18, 0xBF, 0x85, 0x42, 0xF7, 0xD1, 0x28, 0x1A, 0xA1, 0x68,
    0x28, 0x1A, 0xD4, 0xE9, 0x03, 0x23, 0x01, 0x44, 0x02, 0x44, 0x18, 0x1A, 0xDA, 0xF8, 0x54, 0x30,
    0xC4, 0xE9, 0x02, 0x12, 0x20, 0x61, 0x98, 0x47, 0x61, 0x6C, 0xA0, 0xEB, 0x0B, 0x00, 0x88, 0x42,
    0xD0, 0xD3, 0x20, 0x69, 0x10, 0xB1, 0x6F, 0xF0, 0x01, 0x06, 0x1B, 0xE0, 0x00, 0x26, 0x48, 0x46,
    0x02, 0xF0, 0x81, 0xFE, 0xDA, 0xF8, 0x54, 0x10, 0x05, 0x46, 0x88, 0x47, 0xD4, 0xE9, 0x1A, 0x21,
    0x05, 0xF0, 0x60, 0x03, 0xA0, 0xEB, 0x0B, 0x00, 0x60, 0x2B, 0x03, 0xD0, 0x83, 0x1A, 0x76, 0xEB,
    0x01, 0x03, 0xEC, 0xD3, 0x80, 0x1A, 0x6F, 0xF0, 0x01, 0x06, 0x4F, 0xF0, 0x00, 0x00, 0x88, 0x41,
    0x38, 0xBF, 0x00, 0x26, 0x40, 0x46, 0x14, 0x21, 0x02, 0xF0, 0xB8, 0xEE, 0x01, 0x20, 0x60, 0x65,
    0x30, 0x46, 0xBD, 0xE8, 0xF8, 0x8F, 0xF0, 0xB5, 0x8D, 0xB0, 0x4E, 0xF2, 0x30, 0x06, 0x46, 0xF2,
    0xED, 0x07, 0xC7, 0xF2, 0x04, 0x06, 0x46, 0xF2, 0x5A, 0x35, 0xC8, 0xF2, 0x30, 0x07, 0xC8, 0xF2,
    0x30, 0x05, 0x45, 0xF6, 0x1C, 0x64, 0x37, 0x23, 0xC8, 0xF2, 0x30, 0x04, 0xF0, 0x68, 0x39, 0x46,
    0x2A, 0x46, 0x00, 0x28, 0x18, 0xBF, 0x01, 0x20, 0x00, 0x94, 0x01, 0xF0, 0x8D, 0xFD, 0xB0, 0x68,
    0x45, 0xF6, 0x66, 0x64, 0xC8, 0xF2, 0x30, 0x04, 0x39, 0x46, 0x2A, 0x46, 0x38, 0x23, 0x00, 0x28,
    0x18, 0xBF, 0x01, 0x20, 0x00, 0x94, 0x01, 0xF0, 0x7F, 0xFD, 0x30, 0x69, 0x45, 0xF6, 0x0C, 0x74,
    0xC8, 0xF2, 0x30, 0x04, 0x39, 0x46, 0x2A, 0x46, 0x39, 0x23, 0x00, 0x28, 0x18, 0xBF, 0x01, 0x20,
    0x00, 0x94, 0x01, 0xF0, 0x71, 0xFD, 0x30, 0x68, 0x39, 0x46, 0x45, 0xF6, 0xAB, 0x67, 0x2A, 0x46,
    0xC8, 0xF2, 0x30, 0x07, 0x3A, 0x23, 0x00, 0x28, 0x18, 0xBF, 0x01, 0x20, 0x00, 0x97, 0x01, 0xF0,
    0x63, 0xFD, 0x30, 0x68, 0x40, 0xF6, 0x80, 0x35, 0x06, 0xAC, 0xC7, 0xF2, 0x04, 0x05, 0x00, 0x27,
    0x31, 0x69, 0x68, 0x61, 0x20, 0x46, 0xC5, 0xE9, 0x00, 0x77, 0xC5, 0xE9, 0x02, 0x71, 0x02, 0xF0,
    0xAC, 0xFE, 0xD6, 0xE9, 0x02, 0x10, 0x32, 0x69, 0xCD, 0xE9, 0x06, 0x01, 0x01, 0x21, 0x68, 0x69,
    0x0B, 0x91, 0x21, 0x46, 0x0A, 0x97, 0x08, 0x92, 0x02, 0xF0, 0xA7, 0xFE, 0x68, 0x69, 0x02, 0xF0,
    0xA2, 0xFE, 0x01, 0xAC, 0xA8, 0x61, 0x20, 0x46, 0x02, 0xF0, 0xDE, 0xFE, 0x70, 0x68, 0x44, 0xF6,
    0x99, 0x02, 0x71, 0x7D, 0xC8, 0xF2, 0x30, 0x02, 0x33, 0x7D, 0xCD, 0xE9, 0x01, 0x02, 0x05, 0xF1,
    0x10, 0x00, 0x8D, 0xF8, 0x14, 0x10, 0x21, 0x46, 0x8D, 0xF8, 0x12, 0x30, 0x02, 0xF0, 0xC8, 0xFE,
    0x68, 0x69, 0x02, 0xF0, 0x8C, 0xFE, 0x0D, 0xB0, 0xF0, 0xBD, 0x70, 0x47, 0x2D, 0xE9, 0xF0, 0x4F,
    0x93, 0xB0, 0x07, 0x46, 0x40, 0x68, 0x0C, 0x46, 0xC0, 0x6C, 0x42, 0x6A, 0xD0, 0xE9, 0x07, 0xAB,
    0x85, 0x6A, 0x46, 0x69, 0x02, 0x92, 0xD0, 0xE9, 0x02, 0x92, 0x00, 0x92, 0x0B, 0xA8, 0x02, 0xF0,
    0xF5, 0xFD, 0x20, 0x68, 0x01, 0xF0, 0x5A, 0xFA, 0x39, 0x68, 0x0C, 0x90, 0x08, 0x46, 0x01, 0xF0,
    0x55, 0xFA, 0x79, 0x68, 0x01, 0x23, 0x62, 0x68, 0x4F, 0xF0, 0x01, 0x08, 0x01, 0x96, 0x2F, 0x4E,
    0xC9, 0x6B, 0x0E, 0x90, 0xAD, 0xF8, 0x34, 0x30, 0x8A, 0x42, 0x31, 0xBF, 0x01, 0x20, 0x90, 0xB2,
    0xB0, 0xFB, 0xF1, 0xF0, 0x0A, 0x46, 0xAD, 0xF8, 0x44, 0x10, 0x00, 0x21, 0xCD, 0xF8, 0x3C, 0x80,
    0xAD, 0xF8, 0x48, 0x00, 0x30, 0x46, 0xAD, 0xF8, 0x36, 0x20, 0x69, 0xF3, 0x11, 0x30, 0x4F, 0xF0,
    0xFF, 0x39, 0xAD, 0xF8, 0x42, 0x20, 0xAD, 0xF8, 0x46, 0x10, 0x51, 0x46, 0xAD, 0xF8, 0x40, 0x90,
    0x0B, 0x90, 0x0B, 0xAA, 0x28, 0x46, 0x02, 0xF0, 0xA3, 0xFB, 0x03, 0xAC, 0x20, 0x46, 0x02, 0xF0,
    0xBD, 0xFD, 0x00, 0x98, 0x59, 0x46, 0x22, 0x46, 0xAD, 0xF8, 0x14, 0x80, 0xAD, 0xF8, 0x20, 0x90,
    0x60, 0xF3, 0x11, 0x36, 0x30, 0x1D, 0x03, 0x90, 0x28, 0x46, 0x02, 0xF0, 0x91, 0xFB, 0x28, 0x46,
    0x51, 0x46, 0x5A, 0x46, 0x02, 0xF0, 0x0C, 0xFC, 0x38, 0x68, 0x02, 0xF0, 0x59, 0xFC, 0x01, 0x9E,
    0x04, 0x46, 0x28, 0x46, 0x31, 0x46, 0x02, 0xF0, 0xA8, 0xFC, 0x02, 0x9F, 0x80, 0x46, 0x28, 0x46,
    0x32, 0x46, 0x02, 0x23, 0x39, 0x46, 0x01, 0xF0, 0xBA, 0xFA, 0x01, 0x28, 0x08, 0xBF, 0x01, 0x2C,
    0x08, 0xD1, 0xB8, 0xF1, 0x01, 0x0F, 0x05, 0xD0, 0x28, 0x46, 0x39, 0x46, 0x32, 0x46, 0x00, 0x23,
    0x01, 0xF0, 0xAD, 0xFA, 0x00, 0x20, 0x13, 0xB0, 0xBD, 0xE8, 0xF0, 0x8F, 0x04, 0x00, 0x10, 0x00,
    0x80, 0xB3, 0x2D, 0xE9, 0xFE, 0x43, 0x0C, 0x46, 0x41, 0xB3, 0x39, 0x4F, 0x40, 0xF2, 0x03, 0x23,
    0xDF, 0xF8, 0xE0, 0x90, 0xD0, 0xE9, 0x00, 0x65, 0x28, 0x46, 0xDF, 0xF8, 0xD0, 0xC0, 0xD5, 0xF8,
    0x40, 0x81, 0x00, 0x2D, 0x18, 0xBF, 0x01, 0x20, 0x39, 0x46, 0x4A, 0x46, 0xEC, 0x67, 0xCD, 0xF8,
    0x00, 0xC0, 0x01, 0xF0, 0x89, 0xFC, 0x00, 0x2E, 0x18, 0xBF, 0x01, 0x26, 0xDF, 0xF8, 0xB8, 0xC0,
    0x39, 0x46, 0x4A, 0x46, 0x4F, 0xF4, 0x01, 0x73, 0x30, 0x46, 0xCD, 0xF8, 0x00, 0xC0, 0x01, 0xF0,
    0x7B, 0xFC, 0x20, 0x69, 0xA9, 0x6B, 0x02, 0x90, 0x01, 0x29, 0x06, 0xD1, 0x4F, 0xF0, 0xFF, 0x30,
    0xBD, 0xE8, 0xFE, 0x83, 0x4F, 0xF0, 0xFF, 0x30, 0x70, 0x47, 0x02, 0xF0, 0x02, 0xEE, 0x02, 0xF0,
    0xFC, 0xED, 0xE8, 0x6A, 0x01, 0x23, 0xD4, 0xE9, 0x00, 0x12, 0xC8, 0xF8, 0x54, 0x30, 0x03, 0x28,
    0x06, 0xD0, 0x01, 0x28, 0x0F, 0xD1, 0x02, 0xAB, 0x40, 0x46, 0x01, 0xF0, 0x03, 0xFB, 0x03, 0xE0,
    0x02, 0xAB, 0x40, 0x46, 0x01, 0xF0, 0xC8, 0xFA, 0x00, 0x28, 0xE1, 0xD1, 0xA8, 0x69, 0x50, 0xB1,
    0x00, 0x20, 0xBD, 0xE8, 0xFE, 0x83, 0xA3, 0x68, 0x02, 0xAC, 0x40, 0x46, 0x00, 0x94, 0xFF, 0xF7,
    0x1B, 0xFE, 0xBD, 0xE8, 0xFE, 0x83, 0xA1, 0x68, 0x05, 0xF1, 0xB0, 0x00, 0x00, 0xF0, 0x76, 0xFE,
    0x60, 0xB1, 0x6F, 0xF0, 0x01, 0x00, 0xE0, 0x60, 0x40, 0x46, 0x01, 0xF0, 0x45, 0xFD, 0x00, 0x21,
    0x4F, 0xF0, 0xFF, 0x30, 0xC8, 0xF8, 0x3C, 0x10, 0xBD, 0xE8, 0xFE, 0x83, 0xE0, 0x68, 0x00, 0x28,
    0x18, 0xBF, 0x4F, 0xF0, 0xFF, 0x30, 0xBD, 0xE8, 0xFE, 0x83, 0x00, 0xBF, 0x0A, 0x62, 0x30, 0x80,
    0x2F, 0x62, 0x30, 0x80, 0x7D, 0x63, 0x30, 0x80, 0x1D, 0x62, 0x30, 0x80, 0x3C, 0x48, 0x2D, 0xE9,
    0xDC, 0x20, 0x9F, 0xE5, 0x01, 0x40, 0xA0, 0xE1, 0x00, 0x50, 0xA0, 0xE1, 0x00, 0x20, 0x92, 0xE5,
    0x32, 0xFF, 0x2F, 0xE1, 0x04, 0x00, 0xA0, 0xE1, 0x4B, 0x03, 0x00, 0xEB, 0x00, 0x00, 0x50, 0xE3,
    0x0B, 0x00, 0x00, 0x0A, 0x14, 0x00, 0x94, 0xE5, 0x07, 0x00, 0x00, 0xE2, 0x04, 0x00, 0x50, 0xE3,
    0x0A, 0x00, 0x00, 0x1A, 0x00, 0x00, 0x94, 0xE5, 0x07, 0x10, 0x8D, 0xE2, 0x01, 0x20, 0xA0, 0xE3,
    0x07, 0x50, 0xCD, 0xE5, 0x05, 0x09, 0x00, 0xEB, 0x01, 0x00, 0x70, 0xE3, 0x1F, 0x00, 0x00, 0x1A,
    0x16, 0x00, 0x00, 0xEA, 0x8C, 0x00, 0x9F, 0xE5, 0x00, 0x00, 0x90, 0xE5, 0x18, 0x00, 0x00, 0xEA,
    0xD8, 0x00, 0xC4, 0xE1, 0x01, 0x00, 0x50, 0xE1, 0x04, 0x00, 0x00, 0x3A, 0x04, 0x00, 0xA0, 0xE1,
    0x35, 0x04, 0x00, 0xEB, 0x00, 0x00, 0x50, 0xE3, 0x0C, 0x00, 0x00, 0x1A, 0x08, 0x00, 0x94, 0xE5,
    0x01, 0x10, 0x80, 0xE2, 0x0A, 0x00, 0x55, 0xE3, 0x08, 0x10, 0x84, 0xE5, 0x00, 0x50, 0xC0, 0xE5,
    0x0E, 0x00, 0x00, 0x1A, 0x14, 0x00, 0x94, 0xE5, 0x02, 0x00, 0x10, 0xE2, 0x0B, 0x00, 0x00, 0x0A,
    0x04, 0x00, 0xA0, 0xE1, 0x28, 0x04, 0x00, 0xEB, 0x00, 0x00, 0x50, 0xE3, 0x07, 0x00, 0x00, 0x0A,
    0x30, 0x00, 0x9F, 0xE5, 0x14, 0x10, 0x94, 0xE5, 0x01, 0x1B, 0x81, 0xE3, 0x00, 0x00, 0x90, 0xE5,
    0x14, 0x10, 0x84, 0xE5, 0x30, 0xFF, 0x2F, 0xE1, 0x00, 0x00, 0xE0, 0xE3, 0x3C, 0x88, 0xBD, 0xE8,
    0x10, 0x00, 0x9F, 0xE5, 0x00, 0x00, 0x90, 0xE5, 0x30, 0xFF, 0x2F, 0xE1, 0x75, 0x00, 0xEF, 0xE6,
    0x3C, 0x88, 0xBD, 0xE8, 0xBC, 0xE0, 0x04, 0x70, 0xC8, 0xE0, 0x04, 0x70, 0x78, 0xB3, 0x2D, 0xE9,
    0xFC, 0x41, 0x0C, 0x46, 0xA9, 0xB3, 0x45, 0x68, 0x65, 0xB3, 0xE9, 0x68, 0x51, 0xB3, 0xDF, 0xF8,
    0xB0, 0x80, 0x40, 0xF2, 0x36, 0x63, 0x2B, 0x4E, 0xDF, 0xF8, 0xA0, 0xC0, 0x07, 0x68, 0x01, 0x20,
    0x41, 0x46, 0x32, 0x46, 0xCD, 0xF8, 0x00, 0xC0, 0x01, 0xF0, 0x96, 0xFB, 0x38, 0x46, 0xDF, 0xF8,
    0x98, 0xC0, 0x00, 0x2F, 0x18, 0xBF, 0x01, 0x20, 0x41, 0x46, 0x32, 0x46, 0x40, 0xF2, 0x37, 0x63,
    0xCD, 0xF8, 0x00, 0xC0, 0x01, 0xF0, 0x88, 0xFB, 0x02, 0xF0, 0x1A, 0xED, 0xD5, 0xF8, 0xAC, 0x10,
    0xA1, 0x42, 0x12, 0xD0, 0x49, 0xB1, 0xA1, 0x42, 0x07, 0xD0, 0xC9, 0x68, 0xFA, 0xE7, 0x4F, 0xF0,
    0xFF, 0x30, 0x70, 0x47, 0x00, 0x20, 0xBD, 0xE8, 0xFC, 0x81, 0xA1, 0x42, 0x09, 0xD0, 0x02, 0xF0,
    0x04, 0xED, 0x4F, 0xF0, 0xFF, 0x30, 0xBD, 0xE8, 0xFC, 0x81, 0xE1, 0x68, 0xC5, 0xF8, 0xAC, 0x10,
    0x02, 0xE0, 0xD4, 0xE9, 0x03, 0x12, 0xD1, 0x60, 0x02, 0xF0, 0xF6, 0xEC, 0x21, 0x68, 0x01, 0x23,
    0x00, 0x20, 0x42, 0xF2, 0x5C, 0x06, 0xB1, 0xF1, 0x20, 0x02, 0x38, 0xBF, 0x0A, 0x46, 0xF9, 0x68,
    0x3D, 0x68, 0xE0, 0x60, 0x38, 0xBF, 0x42, 0xF2, 0x58, 0x06, 0x03, 0xFA, 0x02, 0xF2, 0x20, 0x61,
    0x05, 0xEB, 0x41, 0x21, 0x8A, 0x51, 0xBD, 0xE8, 0xFC, 0x81, 0x00, 0xBF, 0xDA, 0x62, 0x30, 0x80,
    0x07, 0x63, 0x30, 0x80, 0xE3, 0x61, 0x30, 0x80, 0x24, 0x63, 0x30, 0x80, 0x70, 0xB5, 0x04, 0x46,
    0x18, 0xB1, 0x65, 0x68, 0x0D, 0xB1, 0x60, 0x6D, 0x20, 0xB1, 0x20, 0x46, 0xBD, 0xE8, 0x70, 0x40,
    0x01, 0xF0, 0x8F, 0xBE, 0x02, 0x20, 0xAA, 0x6D, 0x00, 0x21, 0x00, 0x26, 0x60, 0x65, 0x27, 0x48,
    0x90, 0x47, 0x21, 0x68, 0x26, 0x4A, 0xC4, 0xE9, 0x1A, 0x06, 0x11, 0x44, 0x2A, 0x68, 0x4F, 0xEA,
    0x31, 0x30, 0x00, 0x2A, 0x08, 0xBF, 0x6F, 0xF0, 0x02, 0x06, 0x69, 0x68, 0x06, 0x28, 0x28, 0xBF,
    0x03, 0x3E, 0xA8, 0x68, 0x00, 0x29, 0x08, 0xBF, 0x03, 0x3E, 0xE9, 0x68, 0x04, 0x28, 0x28, 0xBF,
    0x03, 0x3E, 0x28, 0x69, 0x02, 0x29, 0x28, 0xBF, 0x03, 0x3E, 0x07, 0x28, 0x9A, 0xBF, 0x19, 0x49,
    0x51, 0xF8, 0x20, 0x10, 0x6F, 0xF0, 0x02, 0x01, 0xA8, 0x6C, 0x00, 0x28, 0xCD, 0xD0, 0xE8, 0x69,
    0x0E, 0x44, 0x02, 0xF0, 0x05, 0xFA, 0xE9, 0x6A, 0x30, 0x44, 0xD5, 0xE9, 0x0E, 0x23, 0x01, 0x3B,
    0x01, 0x3A, 0x08, 0x29, 0x28, 0xBF, 0x03, 0x38, 0xED, 0x6C, 0x03, 0x21, 0x3F, 0x2A, 0x28, 0xBF,
    0x03, 0x38, 0x3F, 0x2B, 0x38, 0xBF, 0x00, 0x21, 0x00, 0x2D, 0xB6, 0xD0, 0x88, 0x42, 0xB4, 0xD1,
    0x20, 0x46, 0xFE, 0xF7, 0x5F, 0xF9, 0x60, 0x68, 0xC1, 0x6C, 0x20, 0x46, 0xFE, 0xF7, 0x16, 0xFF,
    0x00, 0x28, 0xAA, 0xD1, 0x01, 0x21, 0x00, 0x20, 0x61, 0x65, 0x70, 0xBD, 0x40, 0x42, 0x0F, 0x00,
    0x00, 0x00, 0xD0, 0xAD, 0xCC, 0x5E, 0x30, 0x80, 0xFF, 0x48, 0x2D, 0xE9, 0x00, 0x10, 0x90, 0xE5,
    0x00, 0x40, 0xA0, 0xE1, 0x00, 0x00, 0xA0, 0xE3, 0x00, 0x20, 0x51, 0xE7, 0x00, 0x00, 0x52, 0xE3,
    0x17, 0x00, 0x00, 0x0A, 0x3A, 0x00, 0x52, 0xE3, 0x01, 0x00, 0x00, 0x0A, 0x01, 0x00, 0x40, 0xE2,
    0xF8, 0xFF, 0xFF, 0xEA, 0x90, 0x50, 0x9F, 0xE5, 0x00, 0x60, 0x51, 0xE0, 0x1F, 0x00, 0x00, 0x0A,
    0x00, 0x70, 0x60, 0xE2, 0x08, 0x00, 0x57, 0xE3, 0x08, 0x70, 0xA0, 0xA3, 0x00, 0x00, 0x50, 0xE3,
    0x11, 0x00, 0x00, 0x0A, 0x07, 0x00, 0x8D, 0xE2, 0x07, 0x20, 0xA0, 0xE1, 0x01, 0x00, 0x80, 0xE2,
    0x00, 0x30, 0xD1, 0xE5, 0x00, 0x00, 0x53, 0xE3, 0x01, 0x30, 0x40, 0xE5, 0x06, 0x00, 0x00, 0x0A,
    0x01, 0x10, 0x81, 0xE2, 0x01, 0x20, 0x52, 0xE2, 0x01, 0x00, 0x80, 0xE2, 0xF7, 0xFF, 0xFF, 0x1A,
    0x05, 0x00, 0x00, 0xEA, 0x40, 0x50, 0x9F, 0xE5, 0x0C, 0x00, 0x00, 0xEA, 0x02, 0x00, 0x52, 0xE3,
    0x01, 0x00, 0x00, 0x3A, 0x01, 0x10, 0x42, 0xE2, 0xCF, 0x09, 0x00, 0xEB, 0x00, 0x10, 0xA0, 0xE3,
    0x07, 0x00, 0x8D, 0xE2, 0x07, 0x10, 0xC0, 0xE7, 0xF5, 0x05, 0x00, 0xEB, 0x00, 0x00, 0x50, 0xE3,
    0x02, 0x00, 0x00, 0x0A, 0x01, 0x10, 0x86, 0xE2, 0x00, 0x50, 0xA0, 0xE1, 0x00, 0x10, 0x84, 0xE5,
    0x05, 0x00, 0xA0, 0xE1, 0x10, 0xD0, 0x8D, 0xE2, 0xF0, 0x88, 0xBD, 0xE8, 0x10, 0xDF, 0x04, 0x70,
    0x40, 0xB1, 0x70, 0xB5, 0x45, 0x68, 0x04, 0x46, 0x3D, 0xB1, 0x60, 0x6D, 0x40, 0xB1, 0x6F, 0xF0,
    0x04, 0x00, 0x70, 0xBD, 0x6F, 0xF0, 0x02, 0x00, 0x70, 0x47, 0x6F, 0xF0, 0x02, 0x00, 0x70, 0xBD,
    0x02, 0x20, 0xAA, 0x6D, 0x00, 0x21, 0x00, 0x26, 0x60, 0x65, 0x23, 0x48, 0x90, 0x47, 0x21, 0x68,
    0x22, 0x4A, 0xC4, 0xE9, 0x1A, 0x06, 0x11, 0x44, 0x2A, 0x68, 0x4F, 0xEA, 0x31, 0x30, 0x00, 0x2A,
    0x08, 0xBF, 0x6F, 0xF0, 0x02, 0x06, 0x69, 0x68, 0x06, 0x28, 0x28, 0xBF, 0x03, 0x3E, 0xA8, 0x68,
    0x00, 0x29, 0x08, 0xBF, 0x03, 0x3E, 0xE9, 0x68, 0x04, 0x28, 0x28, 0xBF, 0x03, 0x3E, 0x28, 0x69,
    0x02, 0x29, 0x28, 0xBF, 0x03, 0x3E, 0x07, 0x28, 0x9A, 0xBF, 0x15, 0x49, 0x51, 0xF8, 0x20, 0x10,
    0x6F, 0xF0, 0x02, 0x01, 0xE8, 0x69, 0x0E, 0x44, 0x02, 0xF0, 0x3A, 0xF9, 0x06, 0x44, 0xD5, 0xE9,
    0x0E, 0x02, 0xE9, 0x6A, 0x01, 0x38, 0x08, 0x29, 0x28, 0xBF, 0x03, 0x3E, 0x3F, 0x28, 0xA2, 0xF1,
    0x01, 0x00, 0x28, 0xBF, 0x03, 0x3E, 0x3F, 0x28, 0x28, 0xBF, 0x03, 0x3E, 0x26, 0xB1, 0x20, 0x46,
    0x01, 0xF0, 0x22, 0xFE, 0x30, 0x44, 0x70, 0xBD, 0x20, 0x46, 0xFE, 0xF7, 0x93, 0xF8, 0x01, 0x21,
    0x00, 0x20, 0x61, 0x65, 0x70, 0xBD, 0x00, 0xBF, 0x40, 0x42, 0x0F, 0x00, 0x00, 0x00, 0xD0, 0xAD,
    0xCC, 0x5E, 0x30, 0x80, 0x2D, 0xE9, 0xF8, 0x43, 0xA8, 0xB3, 0x0C, 0x46, 0x99, 0xB3, 0xA1, 0x68,
    0x89, 0xB3, 0x46, 0x68, 0x7E, 0xB3, 0xF1, 0x68, 0x69, 0xB3, 0x71, 0x68, 0x59, 0xB3, 0x25, 0x4D,
    0x40, 0xF2, 0xFA, 0x53, 0xDF, 0xF8, 0x90, 0x90, 0x4F, 0xF0, 0x01, 0x08, 0xDF, 0xF8, 0x80, 0xC0,
    0x07, 0x68, 0x01, 0x20, 0x29, 0x46, 0x4A, 0x46, 0xCD, 0xF8, 0x00, 0xC0, 0x01, 0xF0, 0xFC, 0xF9,
    0x38, 0x46, 0xDF, 0xF8, 0x78, 0xC0, 0x00, 0x2F, 0x18, 0xBF, 0x01, 0x20, 0x29, 0x46, 0x4A, 0x46,
    0x40, 0xF2, 0xFB, 0x53, 0xCD, 0xF8, 0x00, 0xC0, 0x01, 0xF0, 0xEE, 0xF9, 0x02, 0xF0, 0x80, 0xEB,
    0x56, 0xF8, 0xAC, 0x2F, 0x00, 0x25, 0x5A, 0xB1, 0x11, 0x46, 0xD2, 0x68, 0x00, 0x2A, 0xFB, 0xD1,
    0x01, 0xF1, 0x0C, 0x06, 0x05, 0xE0, 0x4F, 0xF0, 0xFF, 0x35, 0x28, 0x46, 0xBD, 0xE8, 0xF8, 0x83,
    0x00, 0x21, 0x34, 0x60, 0xC4, 0xE9, 0x03, 0x51, 0x02, 0xF0, 0x66, 0xEB, 0x20, 0x68, 0x42, 0xF2,
    0x64, 0x03, 0xB0, 0xF1, 0x20, 0x01, 0x38, 0xBF, 0x01, 0x46, 0xF8, 0x68, 0x3A, 0x68, 0x38, 0xBF,
    0x42, 0xF2, 0x60, 0x03, 0x08, 0xFA, 0x01, 0xF1, 0x02, 0xEB, 0x40, 0x20, 0xC1, 0x50, 0xE4, 0xE7,
    0xDA, 0x62, 0x30, 0x80, 0x07, 0x63, 0x30, 0x80, 0x65, 0x62, 0x30, 0x80, 0x24, 0x63, 0x30, 0x80,
    0x70, 0x40, 0x2D, 0xE9, 0xA0, 0x30, 0x9F, 0xE5, 0x02, 0x40, 0xA0, 0xE1, 0x01, 0x50, 0xA0, 0xE1,
    0x00, 0x60, 0xA0, 0xE1, 0x00, 0x20, 0x93, 0xE5, 0x32, 0xFF, 0x2F, 0xE1, 0x00, 0x00, 0x96, 0xE5,
    0x01, 0x00, 0x70, 0xE3, 0x1A, 0x00, 0x00, 0x0A, 0x01, 0x00, 0x54, 0xE3, 0x08, 0x00, 0x00, 0x1A,
    0x14, 0x00, 0xD6, 0xE5, 0x10, 0x00, 0x10, 0xE3, 0x05, 0x00, 0x00, 0x0A, 0x08, 0x00, 0x96, 0xE5,
    0x00, 0x00, 0x50, 0xE3, 0x02, 0x00, 0x00, 0x0A, 0x10, 0x10, 0x96, 0xE5, 0x05, 0x00, 0x80, 0xE0,
    0x01, 0x50, 0x40, 0xE0, 0x06, 0x00, 0xA0, 0xE1, 0x07, 0x03, 0x00, 0xEB, 0x14, 0x10, 0x96, 0xE5,
    0x04, 0x20, 0xA0, 0xE1, 0x00, 0x00, 0x96, 0xE5, 0x0A, 0x1C, 0xC1, 0xE3, 0x14, 0x10, 0x86, 0xE5,
    0x05, 0x10, 0xA0, 0xE1, 0xB8, 0x07, 0x00, 0xEB, 0x30, 0x10, 0x9F, 0xE5, 0x00, 0x40, 0xA0, 0xE1,
    0x00, 0x10, 0x91, 0xE5, 0x31, 0xFF, 0x2F, 0xE1, 0x01, 0x00, 0x74, 0xE3, 0x00, 0x40, 0x00, 0x13,
    0x03, 0x00, 0x00, 0xEA, 0x14, 0x00, 0x9F, 0xE5, 0x00, 0x00, 0x90, 0xE5, 0x30, 0xFF, 0x2F, 0xE1,
    0x00, 0x40, 0xE0, 0xE3, 0x04, 0x00, 0xA0, 0xE1, 0x70, 0x80, 0xBD, 0xE8, 0xBC, 0xE0, 0x04, 0x70,
    0xC8, 0xE0, 0x04, 0x70, 0xFE, 0xB5, 0x25, 0x4E, 0x05, 0x46, 0x31, 0x6A, 0x02, 0x91, 0x02, 0x99,
    0x48, 0x05, 0x0A, 0xD4, 0x30, 0x68, 0x19, 0x24, 0x40, 0x03, 0x1F, 0xD4, 0x30, 0x69, 0xC0, 0xF3,
    0x03, 0x40, 0x01, 0x30, 0xB4, 0xFB, 0xF0, 0xF4, 0x18, 0xE0, 0xF0, 0x68, 0xF2, 0x68, 0x31, 0x69,
    0x73, 0x69, 0xC0, 0xB2, 0xC2, 0xF3, 0x06, 0x42, 0x6F, 0xF3, 0x1F, 0x31, 0x6F, 0xF3, 0x9F, 0x43,
    0x01, 0xF0, 0xE6, 0xFE, 0x17, 0x49, 0x04, 0x46, 0x17, 0x4A, 0x00, 0x28, 0x14, 0x4F, 0x18, 0xBF,
    0x01, 0x20, 0x4F, 0xF4, 0xDB, 0x63, 0x00, 0x97, 0x01, 0xF0, 0x36, 0xF9, 0x04, 0x2D, 0x1C, 0xD8,
    0xDF, 0xE8, 0x05, 0xF0, 0x03, 0x14, 0x10, 0x12, 0x05, 0x00, 0xB0, 0x6A, 0x0F, 0xE0, 0x0D, 0x49,
    0x00, 0x20, 0x0F, 0x4A, 0x40, 0xF2, 0x2F, 0x63, 0x0C, 0x4E, 0x00, 0x25, 0x00, 0x96, 0x01, 0xF0,
    0x23, 0xF9, 0x06, 0xE0, 0x30, 0x6B, 0x02, 0xE0, 0x70, 0x6B, 0x00, 0xE0, 0xF0, 0x6A, 0x00, 0xF0,
    0x1F, 0x05, 0x68, 0x1C, 0xB4, 0xFB, 0xF0, 0xF0, 0xFE, 0xBD, 0xFA, 0xE7, 0x04, 0x04, 0x20, 0x53,
    0x88, 0x63, 0x30, 0x80, 0x91, 0x61, 0x30, 0x80, 0xF7, 0x61, 0x30, 0x80, 0xA6, 0x63, 0x30, 0x80,
    0x38, 0x61, 0x30, 0x80, 0xF0, 0x48, 0x2D, 0xE9, 0x00, 0x60, 0x90, 0xE5, 0x00, 0x50, 0xE0, 0xE3,
    0x01, 0x00, 0x76, 0xE3, 0x21, 0x00, 0x00, 0x0A, 0x14, 0x70, 0x90, 0xE5, 0x00, 0x40, 0xA0, 0xE1,
    0xBD, 0x02, 0x00, 0xEB, 0x00, 0x00, 0x50, 0xE3, 0x1C, 0x00, 0x00, 0x1A, 0x14, 0x00, 0xD4, 0xE5,
    0x08, 0x00, 0x10, 0xE3, 0x05, 0x00, 0x00, 0x0A, 0x04, 0x00, 0x94, 0xE5, 0x01, 0x00, 0x40, 0xE2,
    0xB6, 0xF9, 0xFF, 0xEB, 0x14, 0x00, 0x94, 0xE5, 0x08, 0x00, 0xC0, 0xE3, 0x14, 0x00, 0x84, 0xE5,
    0x00, 0x00, 0x94, 0xE5, 0x00, 0x10, 0xA0, 0xE3, 0x04, 0x10, 0x84, 0xE5, 0x08, 0x10, 0x84, 0xE5,
    0x0C, 0x10, 0x84, 0xE5, 0x67, 0x02, 0x00, 0xEB, 0x00, 0x50, 0xA0, 0xE1, 0x00, 0x00, 0xE0, 0xE3,
    0x01, 0x0A, 0x17, 0xE3, 0x00, 0x00, 0x84, 0xE5, 0x08, 0x00, 0x00, 0x0A, 0x24, 0x00, 0x9F, 0xE5,
    0x00, 0x00, 0x90, 0xE5, 0x30, 0xFF, 0x2F, 0xE1, 0x1C, 0x00, 0x9F, 0xE5, 0x06, 0x02, 0x80, 0xE0,
    0x17, 0x09, 0x00, 0xEB, 0x14, 0x00, 0x9F, 0xE5, 0x00, 0x00, 0x90, 0xE5, 0x30, 0xFF, 0x2F, 0xE1,
    0x05, 0x00, 0xA0, 0xE1, 0xF0, 0x88, 0xBD, 0xE8, 0xBC, 0xE0, 0x04, 0x70, 0xE0, 0x0A, 0x04, 0x70,
    0xC8, 0xE0, 0x04, 0x70, 0x2D, 0xE9, 0xF0, 0x4F, 0x95, 0xB0, 0xDD, 0xE9, 0x1E, 0x76, 0x0C, 0x93,
    0x26, 0x9B, 0xDD, 0xF8, 0x88, 0x80, 0x09, 0x91, 0x57, 0xEA, 0x06, 0x01, 0x0B, 0x92, 0x08, 0x90,
    0x08, 0xBF, 0x23, 0xF0, 0x10, 0x03, 0x0A, 0x93, 0x21, 0xB9, 0x13, 0xF4, 0x80, 0x60, 0x01, 0xD0,
    0x00, 0x22, 0x29, 0xE0, 0x03, 0xF0, 0x20, 0x00, 0x23, 0x9C, 0x0D, 0xF1, 0x34, 0x0A, 0x4F, 0xF0,
    0x00, 0x0B, 0x80, 0xF0, 0x61, 0x00, 0x00, 0xF1, 0xF6, 0x09, 0x38, 0x46, 0x31, 0x46, 0x42, 0x46,
    0x23, 0x46, 0x01, 0xF0, 0x98, 0xEF, 0x00, 0xFB, 0x18, 0x72, 0x02, 0xF0, 0xFE, 0x03, 0x09, 0xEB,
    0x02, 0x05, 0x0A, 0x2B, 0x38, 0xBF, 0x42, 0xF0, 0x30, 0x05, 0xB7, 0xEB, 0x08, 0x02, 0x0B, 0xF1,
    0x01, 0x02, 0x76, 0xEB, 0x04, 0x03, 0x0A, 0xF8, 0x0B, 0x50, 0x05, 0xD3, 0xBB, 0xF1, 0x1F, 0x0F,
    0x93, 0x46, 0x07, 0x46, 0x0E, 0x46, 0xE0, 0xD3, 0x20, 0x9F, 0x0D, 0xA8, 0xCD, 0xF8, 0x0C, 0x80,
    0xCD, 0xE9, 0x00, 0x02, 0x0A, 0x98, 0x02, 0x97, 0x24, 0x9F, 0xDD, 0xE9, 0x0B, 0x23, 0x06, 0x90,
    0xDD, 0xE9, 0x08, 0x01, 0x04, 0x97, 0x25, 0x9F, 0x05, 0x97, 0xFF, 0xF7, 0x7B, 0xF8, 0x15, 0xB0,
    0xBD, 0xE8, 0xF0, 0x8F, 0xFF, 0xB5, 0xC3, 0x68, 0x02, 0x46, 0xBF, 0x20, 0xCF, 0xB2, 0xC1, 0xF3,
    0x05, 0x21, 0xD0, 0x60, 0x01, 0x93, 0x93, 0x68, 0xC3, 0xF3, 0x00, 0x13, 0x03, 0x93, 0x93, 0x68,
    0x43, 0xF0, 0x10, 0x03, 0x93, 0x60, 0x01, 0x9B, 0xD3, 0x60, 0xD3, 0x68, 0xD4, 0x68, 0x04, 0xF0,
    0x7F, 0x04, 0xD4, 0x60, 0x01, 0x93, 0x53, 0x68, 0xC3, 0xF3, 0x00, 0x13, 0x02, 0x93, 0x53, 0x68,
    0x23, 0xF0, 0x10, 0x03, 0x53, 0x60, 0x01, 0x9B, 0xD3, 0x60, 0xD3, 0x68, 0xD0, 0x60, 0x01, 0x93,
    0x14, 0x68, 0x53, 0x68, 0x15, 0x6A, 0x16, 0x6A, 0x05, 0xF0, 0x07, 0x05, 0x46, 0xF0, 0x07, 0x06,
    0x16, 0x62, 0x00, 0x95, 0x17, 0x60, 0x51, 0x60, 0x00, 0x99, 0x15, 0x6A, 0x15, 0x6A, 0x61, 0xF3,
    0x02, 0x05, 0x15, 0x62, 0x01, 0x99, 0xD1, 0x60, 0xD1, 0x68, 0xD5, 0x68, 0x05, 0xF0, 0x7F, 0x05,
    0xD5, 0x60, 0x01, 0x91, 0x02, 0x99, 0x55, 0x68, 0x61, 0xF3, 0x04, 0x15, 0x55, 0x60, 0x01, 0x99,
    0xD1, 0x60, 0xD1, 0x68, 0xD0, 0x60, 0xE0, 0xB2, 0x63, 0xF3, 0x0D, 0x20, 0x01, 0x91, 0x03, 0x99,
    0x95, 0x68, 0x61, 0xF3, 0x04, 0x15, 0x95, 0x60, 0x01, 0x99, 0xD1, 0x60, 0x04, 0xB0, 0xF0, 0xBD,
    0x2D, 0xE9, 0xF0, 0x4F, 0x83, 0xB0, 0x0F, 0x9F, 0x0D, 0x46, 0x0E, 0x99, 0x99, 0x46, 0xDD, 0xF8,
    0x34, 0xA0, 0x90, 0x46, 0x06, 0x46, 0x14, 0x46, 0xB8, 0x07, 0x02, 0x90, 0x0E, 0xD1, 0x44, 0x46,
    0x51, 0x45, 0x0B, 0xD9, 0xA1, 0xEB, 0x0A, 0x07, 0x42, 0x46, 0x29, 0x46, 0x4B, 0x46, 0x4F, 0xF0,
    0x20, 0x00, 0x54, 0x1C, 0xB0, 0x47, 0x01, 0x3F, 0x22, 0x46, 0xF6, 0xD1, 0xCD, 0xF8, 0x04, 0x80,
    0xBA, 0xF1, 0x00, 0x0F, 0x11, 0xD0, 0x0C, 0x98, 0xA0, 0xF1, 0x01, 0x08, 0x18, 0xF8, 0x0A, 0x00,
    0x29, 0x46, 0x22, 0x46, 0x4B, 0x46, 0xAA, 0xF1, 0x01, 0x0B, 0x67, 0x1C, 0xB0, 0x47, 0x3C, 0x46,
    0xDA, 0x46, 0xBB, 0xF1, 0x00, 0x0F, 0xF1, 0xD1, 0x00, 0xE0, 0x27, 0x46, 0x02, 0x98, 0x00, 0x28,
    0x14, 0xD5, 0x01, 0x99, 0xDD, 0xF8, 0x38, 0xA0, 0x78, 0x1A, 0x50, 0x45, 0x0E, 0xD2, 0xC1, 0xF1,
    0x00, 0x08, 0x29, 0x46, 0x3A, 0x46, 0x4B, 0x46, 0x4F, 0xF0, 0x20, 0x00, 0x7C, 0x1C, 0xB0, 0x47,
    0x08, 0xEB, 0x04, 0x00, 0x27, 0x46, 0x50, 0x45, 0xF3, 0xD3, 0x00, 0xE0, 0x3C, 0x46, 0x20, 0x46,
    0x03, 0xB0, 0xBD, 0xE8, 0xF0, 0x8F, 0x70, 0x47, 0xF0, 0x48, 0x2D, 0xE9, 0x00, 0x40, 0xA0, 0xE1,
    0x00, 0x00, 0x90, 0xE5, 0x01, 0x50, 0xA0, 0xE1, 0x01, 0x10, 0xC0, 0xE3, 0x05, 0x10, 0x41, 0xE0,
    0x10, 0x00, 0x51, 0xE3, 0x1B, 0x00, 0x00, 0x3A, 0x08, 0x00, 0x41, 0xE2, 0x05, 0x60, 0x84, 0xE0,
    0x6C, 0x10, 0x9F, 0xE5, 0x6C, 0x20, 0x9F, 0xE5, 0x08, 0x00, 0xA6, 0xE5, 0x01, 0x00, 0xC0, 0xE3,
    0x07, 0x00, 0x51, 0xE3, 0x00, 0x00, 0x86, 0xE0, 0x08, 0x70, 0x80, 0xE2, 0x02, 0x00, 0x81, 0xE0,
    0x08, 0x20, 0x40, 0x82, 0x02, 0x00, 0x57, 0xE1, 0x0B, 0x00, 0x00, 0x2A, 0x00, 0x00, 0xD7, 0xE5,
    0x01, 0x00, 0x10, 0xE3, 0x08, 0x00, 0x00, 0x1A, 0x07, 0x00, 0xA0, 0xE1, 0xA9, 0x06, 0x00, 0xEB,
    0x00, 0x00, 0x96, 0xE5, 0x00, 0x10, 0x97, 0xE5, 0x01, 0x00, 0xC0, 0xE3, 0x01, 0x10, 0xC1, 0xE3,
    0x01, 0x00, 0x80, 0xE0, 0x08, 0x00, 0x80, 0xE2, 0x00, 0x00, 0x86, 0xE5, 0x06, 0x00, 0xA0, 0xE1,
    0xC0, 0x05, 0x00, 0xEB, 0x05, 0x00, 0xA0, 0xE1, 0x01, 0x00, 0x80, 0xE3, 0x00, 0x00, 0x84, 0xE5,
    0xF0, 0x88, 0xBD, 0xE8, 0x00, 0x80, 0x00, 0x00, 0xC0, 0x0B, 0x04, 0x70, 0x50, 0xB1, 0x2D, 0xE9,
    0xFC, 0x41, 0x0C, 0x46, 0x11, 0xB1, 0x21, 0x68, 0x3F, 0x29, 0x06, 0xD9, 0x4F, 0xF0, 0xFF, 0x30,
    0xBD, 0xE8, 0xFC, 0x81, 0x4F, 0xF0, 0xFF, 0x30, 0x70, 0x47, 0x46, 0x68, 0xF1, 0x68, 0x89, 0xB3,
    0x31, 0x46, 0xDF, 0xF8, 0x6C, 0x80, 0x1B, 0x4F, 0x00, 0x2E, 0x05, 0x68, 0x18, 0xBF, 0x01, 0x21,
    0xDF, 0xF8, 0x58, 0xC0, 0x40, 0xF6, 0x03, 0x03, 0x08, 0x46, 0x41, 0x46, 0x3A, 0x46, 0xCD, 0xF8,
    0x00, 0xC0, 0x00, 0xF0, 0x39, 0xFF, 0x00, 0x2D, 0x18, 0xBF, 0x01, 0x25, 0xDF, 0xF8, 0x48, 0xC0,
    0x41, 0x46, 0x3A, 0x46, 0x40, 0xF6, 0x04, 0x03, 0x28, 0x46, 0xCD, 0xF8, 0x00, 0xC0, 0x00, 0xF0,
    0x2B, 0xFF, 0x02, 0xF0, 0xBE, 0xE8, 0x21, 0x68, 0x01, 0x23, 0x4A, 0x09, 0x01, 0xF0, 0x1F, 0x01,
    0x06, 0xEB, 0x82, 0x02, 0x03, 0xFA, 0x01, 0xF1, 0x14, 0x69, 0x24, 0xEA, 0x01, 0x01, 0x11, 0x61,
    0x02, 0xF0, 0xAA, 0xE8, 0x00, 0x20, 0xBD, 0xE8, 0xFC, 0x81, 0x00, 0xBF, 0xDA, 0x62, 0x30, 0x80,
    0x07, 0x63, 0x30, 0x80, 0xCF, 0x61, 0x30, 0x80, 0x24, 0x63, 0x30, 0x80, 0x50, 0xB1, 0x2D, 0xE9,
    0xFC, 0x41, 0x0C, 0x46, 0x11, 0xB1, 0x21, 0x68, 0xFF, 0x29, 0x06, 0xD9, 0x4F, 0xF0, 0xFF, 0x30,
    0xBD, 0xE8, 0xFC, 0x81, 0x4F, 0xF0, 0xFF, 0x30, 0x70, 0x47, 0x46, 0x68, 0xF1, 0x68, 0x89, 0xB3,
    0x31, 0x46, 0xDF, 0xF8, 0x6C, 0x80, 0x1B, 0x4F, 0x00, 0x2E, 0x05, 0x68, 0x18, 0xBF, 0x01, 0x21,
    0xDF, 0xF8, 0x58, 0xC0, 0x40, 0xF6, 0x75, 0x03, 0x08, 0x46, 0x41, 0x46, 0x3A, 0x46, 0xCD, 0xF8,
    0x00, 0xC0, 0x00, 0xF0, 0xE9, 0xFE, 0x00, 0x2D, 0x18, 0xBF, 0x01, 0x25, 0xDF, 0xF8, 0x48, 0xC0,
    0x41, 0x46, 0x3A, 0x46, 0x40, 0xF6, 0x76, 0x03, 0x28, 0x46, 0xCD, 0xF8, 0x00, 0xC0, 0x00, 0xF0,
    0xDB, 0xFE, 0x02, 0xF0, 0x6E, 0xE8, 0x21, 0x68, 0x01, 0x23, 0x4A, 0x09, 0x01, 0xF0, 0x1F, 0x01,
    0x06, 0xEB, 0x82, 0x02, 0x03, 0xFA, 0x01, 0xF1, 0x54, 0x6A, 0x24, 0xEA, 0x01, 0x01, 0x51, 0x62,
    0x02, 0xF0, 0x5A, 0xE8, 0x00, 0x20, 0xBD, 0xE8, 0xFC, 0x81, 0x00, 0xBF, 0xDA, 0x62, 0x30, 0x80,
    0x07, 0x63, 0x30, 0x80, 0xE9, 0x62, 0x30, 0x80, 0x24, 0x63, 0x30, 0x80, 0x50, 0xB1, 0x2D, 0xE9,
    0xFC, 0x41, 0x0C, 0x46, 0x11, 0xB1, 0x21, 0x68, 0x3F, 0x29, 0x06, 0xD9, 0x4F, 0xF0, 0xFF, 0x30,
    0xBD, 0xE8, 0xFC, 0x81, 0x4F, 0xF0, 0xFF, 0x30, 0x70, 0x47, 0x46, 0x68, 0xF1, 0x68, 0x89, 0xB3,
    0x31, 0x46, 0xDF, 0xF8, 0x6C, 0x80, 0x1B, 0x4F, 0x00, 0x2E, 0x05, 0x68, 0x18, 0xBF, 0x01, 0x21,
    0xDF, 0xF8, 0x58, 0xC0, 0x40, 0xF6, 0x4F, 0x03, 0x08, 0x46, 0x41, 0x46, 0x3A, 0x46, 0xCD, 0xF8,
    0x00, 0xC0, 0x00, 0xF0, 0x99, 0xFE, 0x00, 0x2D, 0x18, 0xBF, 0x01, 0x25, 0xDF, 0xF8, 0x48, 0xC0,
    0x41, 0x46, 0x3A, 0x46, 0x4F, 0xF4, 0x05, 0x63, 0x28, 0x46, 0xCD, 0xF8, 0x00, 0xC0, 0x00, 0xF0,
    0x8B, 0xFE, 0x02, 0xF0, 0x1E, 0xE8, 0x21, 0x68, 0x01, 0x23, 0x4A, 0x09, 0x01, 0xF0, 0x1F, 0x01,
    0x06, 0xEB, 0x82, 0x02, 0x03, 0xFA, 0x01, 0xF1, 0xD4, 0x69, 0x24, 0xEA, 0x01, 0x01, 0xD1, 0x61,
    0x02, 0xF0, 0x0A, 0xE8, 0x00, 0x20, 0xBD, 0xE8, 0xFC, 0x81, 0x00, 0xBF, 0xDA, 0x62, 0x30, 0x80,
    0x07, 0x63, 0x30, 0x80, 0x40, 0x63, 0x30, 0x80, 0x24, 0x63, 0x30, 0x80, 0x70, 0x40, 0x2D, 0xE9,
    0x68, 0xD0, 0x4D, 0xE2, 0x84, 0x20, 0x9F, 0xE5, 0x01, 0x50, 0xA0, 0xE1, 0x00, 0x60, 0xA0, 0xE1,
    0x00, 0x20, 0x92, 0xE5, 0x32, 0xFF, 0x2F, 0xE1, 0x04, 0x40, 0x8D, 0xE2, 0x06, 0x10, 0xA0, 0xE1,
    0x04, 0x00, 0xA0, 0xE1, 0x04, 0x07, 0x00, 0xEB, 0x06, 0x00, 0xA0, 0xE1, 0x09, 0x07, 0x00, 0xEB,
    0x00, 0x60, 0xA0, 0xE1, 0x00, 0x00, 0x84, 0xE0, 0x05, 0x10, 0xA0, 0xE1, 0x01, 0x00, 0x80, 0xE2,
    0xFD, 0x06, 0x00, 0xEB, 0x05, 0x00, 0xA0, 0xE1, 0x02, 0x07, 0x00, 0xEB, 0x40, 0x50, 0x9F, 0xE5,
    0x00, 0x00, 0x86, 0xE0, 0x04, 0x20, 0xA0, 0xE1, 0x02, 0x30, 0x80, 0xE2, 0xF7, 0x00, 0xA0, 0xE3,
    0x05, 0x10, 0xA0, 0xE1, 0x5E, 0x03, 0x00, 0xEB, 0x05, 0x00, 0xA0, 0xE1, 0x00, 0x10, 0xA0, 0xE3,
    0x45, 0x03, 0x00, 0xEB, 0x1C, 0x00, 0x9F, 0xE5, 0xF0, 0x40, 0xD5, 0xE1, 0x00, 0x00, 0x90, 0xE5,
    0x30, 0xFF, 0x2F, 0xE1, 0x04, 0x00, 0xA0, 0xE1, 0x68, 0xD0, 0x8D, 0xE2, 0x70, 0x80, 0xBD, 0xE8,
    0xBC, 0xE0, 0x04, 0x70, 0xB0, 0x0B, 0x04, 0x70, 0xC8, 0xE0, 0x04, 0x70, 0x2D, 0xE9, 0xF0, 0x47,
    0x88, 0xB0, 0x04, 0x46, 0x40, 0x68, 0x0E, 0x46, 0xC0, 0x6C, 0xD0, 0xE9, 0x09, 0x85, 0x47, 0x68,
    0xD0, 0xF8, 0x10, 0x90, 0xD0, 0xF8, 0x18, 0xA0, 0x68, 0x46, 0x01, 0xF0, 0xEF, 0xFE, 0x20, 0x68,
    0x00, 0xF0, 0x54, 0xFB, 0x31, 0x68, 0x01, 0x90, 0x08, 0x46, 0x00, 0xF0, 0x4F, 0xFB, 0x61, 0x68,
    0x01, 0x23, 0x72, 0x68, 0x03, 0x90, 0xAD, 0xF8, 0x08, 0x30, 0x89, 0x6B, 0x16, 0x4B, 0x8A, 0x42,
    0x26, 0xBF, 0xB2, 0xFB, 0xF1, 0xF0, 0x0A, 0x46, 0x01, 0x20, 0x67, 0xF3, 0x11, 0x33, 0xAD, 0xF8,
    0x1A, 0x10, 0x51, 0x46, 0xAD, 0xF8, 0x0A, 0x20, 0xAD, 0xF8, 0x16, 0x20, 0x00, 0x22, 0x00, 0x93,
    0xAD, 0xF8, 0x18, 0x20, 0x6A, 0x46, 0xAD, 0xF8, 0x1C, 0x00, 0x4F, 0xF4, 0x80, 0x30, 0x04, 0x90,
    0x4F, 0xF6, 0xFF, 0x70, 0xAD, 0xF8, 0x14, 0x00, 0x28, 0x46, 0x01, 0xF0, 0xA1, 0xFC, 0x28, 0x46,
    0x41, 0x46, 0x4A, 0x46, 0x02, 0x23, 0x00, 0xF0, 0xDA, 0xFB, 0x01, 0x38, 0x18, 0xBF, 0x4F, 0xF0,
    0xFF, 0x30, 0x08, 0xB0, 0xBD, 0xE8, 0xF0, 0x87, 0x04, 0x00, 0x10, 0x00, 0xF0, 0xB5, 0x8D, 0xB0,
    0x00, 0xB3, 0x07, 0xAD, 0x04, 0x46, 0x0E, 0x46, 0x28, 0x46, 0x01, 0xF0, 0xE7, 0xFE, 0x01, 0xA8,
    0x29, 0x46, 0x08, 0x96, 0x01, 0xF0, 0x5C, 0xFC, 0x70, 0x1E, 0x10, 0xF1, 0x03, 0x0F, 0x02, 0xD8,
    0x01, 0xA8, 0x01, 0xF0, 0x0F, 0xFB, 0x01, 0xF0, 0x4C, 0xEF, 0xA1, 0x68, 0x05, 0x46, 0x61, 0xB1,
    0xA0, 0x68, 0xF8, 0xB1, 0x20, 0x68, 0xA1, 0x68, 0x01, 0x39, 0x02, 0x28, 0xA1, 0x60, 0x1C, 0xD0,
    0x00, 0x26, 0x21, 0xE0, 0x4F, 0xF0, 0xFF, 0x36, 0x24, 0xE0, 0x77, 0x1C, 0x01, 0xAE, 0xE0, 0x68,
    0x00, 0x28, 0xED, 0xD1, 0x27, 0xB1, 0x30, 0x46, 0x01, 0xF0, 0xC5, 0xFE, 0x00, 0x28, 0xE7, 0xD0,
    0x28, 0x46, 0x01, 0xF0, 0x2A, 0xEF, 0x01, 0xF0, 0x2C, 0xEF, 0xA1, 0x68, 0x05, 0x46, 0x00, 0x29,
    0xED, 0xD0, 0xDD, 0xE7, 0x20, 0x68, 0x02, 0x28, 0x04, 0xD1, 0xE0, 0x68, 0x00, 0x26, 0x01, 0x30,
    0xE0, 0x60, 0x01, 0xE0, 0x6F, 0xF0, 0x01, 0x06, 0x28, 0x46, 0x01, 0xF0, 0x16, 0xEF, 0x01, 0xA8,
    0x01, 0xF0, 0xF6, 0xF9, 0x30, 0x46, 0x0D, 0xB0, 0xF0, 0xBD, 0x70, 0x47, 0x10, 0x40, 0x2D, 0xE9,
    0x00, 0x40, 0xA0, 0xE1, 0x00, 0x10, 0x90, 0xE5, 0x00, 0x00, 0xA0, 0xE3, 0x01, 0x00, 0x71, 0xE3,
    0x1C, 0x00, 0x00, 0x0A, 0x14, 0x10, 0x94, 0xE5, 0x10, 0x00, 0x11, 0xE3, 0x1A, 0x00, 0x00, 0x1A,
    0x80, 0x00, 0x11, 0xE3, 0x04, 0x00, 0x00, 0x0A, 0x04, 0x00, 0xA0, 0xE1, 0x00, 0x10, 0xA0, 0xE3,
    0x02, 0x20, 0xA0, 0xE3, 0x65, 0x07, 0x00, 0xEB, 0x14, 0x10, 0x94, 0xE5, 0x60, 0x00, 0x01, 0xE2,
    0x40, 0x00, 0x50, 0xE3, 0x01, 0x00, 0x00, 0x1A, 0x20, 0x10, 0x81, 0xE3, 0x14, 0x10, 0x84, 0xE5,
    0x04, 0x20, 0x94, 0xE5, 0x01, 0x00, 0xA0, 0xE3, 0x00, 0x00, 0x52, 0xE3, 0x04, 0x20, 0x11, 0x02,
    0x06, 0x00, 0x00, 0x1A, 0x03, 0x20, 0x01, 0xE2, 0x04, 0x00, 0xA0, 0xE1, 0x00, 0x10, 0xA0, 0xE3,
    0x01, 0x3C, 0xA0, 0xE3, 0xBF, 0xF9, 0xFF, 0xEB, 0x10, 0x0F, 0x6F, 0xE1, 0xA0, 0x02, 0xA0, 0xE1,
    0x0C, 0x10, 0x94, 0xE5, 0x10, 0x10, 0x84, 0xE5, 0x10, 0x80, 0xBD, 0xE8, 0x01, 0x1B, 0x81, 0xE3,
    0x14, 0x10, 0x84, 0xE5, 0x10, 0x80, 0xBD, 0xE8, 0xF0, 0x48, 0x2D, 0xE9, 0x80, 0x30, 0x9F, 0xE5,
    0x02, 0x50, 0xA0, 0xE1, 0x01, 0x60, 0xA0, 0xE1, 0x00, 0x70, 0xA0, 0xE1, 0x00, 0x20, 0x93, 0xE5,
    0x32, 0xFF, 0x2F, 0xE1, 0x6C, 0x40, 0x9F, 0xE5, 0x27, 0x04, 0xA0, 0xE1, 0x26, 0x14, 0xA0, 0xE1,
    0x00, 0x20, 0xA0, 0xE3, 0x01, 0x00, 0xC4, 0xE5, 0x26, 0x08, 0xA0, 0xE1, 0x03, 0x10, 0xC4, 0xE5,
    0x26, 0x1C, 0xA0, 0xE1, 0x04, 0x00, 0xC4, 0xE5, 0x25, 0x04, 0xA0, 0xE1, 0x05, 0x10, 0xC4, 0xE5,
    0x04, 0x10, 0xA0, 0xE1, 0x07, 0x00, 0xC4, 0xE5, 0xF4, 0x00, 0xA0, 0xE3, 0x00, 0x30, 0xA0, 0xE3,
    0x00, 0x70, 0xC4, 0xE5, 0x02, 0x60, 0xC4, 0xE5, 0x06, 0x50, 0xC4, 0xE5, 0xC0, 0x02, 0x00, 0xEB,
    0x04, 0x00, 0xA0, 0xE1, 0x00, 0x10, 0xA0, 0xE3, 0xA7, 0x02, 0x00, 0xEB, 0x18, 0x00, 0x9F, 0xE5,
    0x00, 0x40, 0x94, 0xE5, 0x00, 0x00, 0x90, 0xE5, 0x30, 0xFF, 0x2F, 0xE1, 0x04, 0x00, 0xA0, 0xE1,
    0xF0, 0x88, 0xBD, 0xE8, 0xBC, 0xE0, 0x04, 0x70, 0xB0, 0x0B, 0x04, 0x70, 0xC8, 0xE0, 0x04, 0x70,
    0x2D, 0xE9, 0xF0, 0x47, 0x1D, 0x46, 0x16, 0x46, 0x0F, 0x46, 0x04, 0x46, 0x0A, 0xB9, 0x40, 0x2D,
    0x04, 0xD3, 0x00, 0x20, 0x01, 0x2E, 0x3B, 0xD1, 0x07, 0x2D, 0x39, 0xD8, 0xDD, 0xF8, 0x28, 0x80,
    0x20, 0x46, 0xDD, 0xE9, 0x08, 0x9A, 0x39, 0x46, 0x32, 0x46, 0x2B, 0x46, 0x01, 0xF0, 0x3B, 0xFB,
    0xB9, 0xF1, 0x20, 0x00, 0x4F, 0xF4, 0x51, 0x71, 0x04, 0xEB, 0xC7, 0x02, 0x3C, 0xBF, 0x48, 0x46,
    0x4F, 0xF4, 0x50, 0x71, 0x01, 0x23, 0x57, 0x58, 0x03, 0xFA, 0x00, 0xF0, 0x43, 0x46, 0x38, 0x43,
    0x50, 0x50, 0x20, 0x46, 0x31, 0x46, 0x2A, 0x46, 0x01, 0xF0, 0x6D, 0xF8, 0x56, 0xB1, 0x04, 0xEB,
    0x85, 0x01, 0x4F, 0xEA, 0x4A, 0x10, 0xD1, 0xF8, 0x00, 0x22, 0x6A, 0xF3, 0x4D, 0x12, 0xC1, 0xF8,
    0x00, 0x22, 0x05, 0xE0, 0x4F, 0xEA, 0x4A, 0x10, 0x04, 0xEB, 0x85, 0x01, 0xC1, 0xF8, 0x00, 0x01,
    0x21, 0x18, 0x4F, 0xF4, 0x80, 0x42, 0x01, 0x20, 0x8B, 0x58, 0x69, 0xF3, 0x11, 0x33, 0x8B, 0x50,
    0xBD, 0xE8, 0xF0, 0x87, 0xF0, 0x48, 0x2D, 0xE9, 0x7C, 0x30, 0x9F, 0xE5, 0x02, 0x40, 0xA0, 0xE1,
    0x01, 0x70, 0xA0, 0xE1, 0x00, 0x60, 0xA0, 0xE1, 0x00, 0x20, 0x93, 0xE5, 0x32, 0xFF, 0x2F, 0xE1,
    0x68, 0x50, 0x9F, 0xE5, 0x24, 0x04, 0xA0, 0xE1, 0x00, 0x30, 0xA0, 0xE3, 0x01, 0x00, 0xC5, 0xE5,
    0x27, 0x04, 0xA0, 0xE1, 0x02, 0x70, 0xC5, 0xE5, 0x00, 0x40, 0xC5, 0xE5, 0x03, 0x00, 0xC5, 0xE5,
    0x03, 0x00, 0xD6, 0xE7, 0x01, 0x30, 0x83, 0xE2, 0x00, 0x00, 0x50, 0xE3, 0xFB, 0xFF, 0xFF, 0x1A,
    0xF0, 0x00, 0xA0, 0xE3, 0x05, 0x10, 0xA0, 0xE1, 0x06, 0x20, 0xA0, 0xE1, 0x78, 0x02, 0x00, 0xEB,
    0x05, 0x00, 0xA0, 0xE1, 0x00, 0x10, 0xA0, 0xE3, 0x5F, 0x02, 0x00, 0xEB, 0x20, 0x00, 0x9F, 0xE5,
    0xF0, 0x50, 0xD5, 0xE1, 0x00, 0x00, 0x90, 0xE5, 0x30, 0xFF, 0x2F, 0xE1, 0x00, 0x00, 0x55, 0xE3,
    0x05, 0x40, 0xA0, 0x41, 0x04, 0x00, 0xA0, 0xE1, 0xF0, 0x88, 0xBD, 0xE8, 0xBC, 0xE0, 0x04, 0x70,
    0xB0, 0x0B, 0x04, 0x70, 0xC8, 0xE0, 0x04, 0x70, 0x2D, 0xE9, 0xF0, 0x4F, 0x8F, 0xB0, 0xDD, 0xF8,
    0x60, 0xC0, 0xDD, 0xF8, 0x74, 0x90, 0xDD, 0xF8, 0x68, 0xB0, 0xBC, 0xF1, 0x00, 0x0F, 0x08, 0xBF,
    0x29, 0xF0, 0x10, 0x09, 0xBC, 0xF1, 0x00, 0x0F, 0x04, 0xD1, 0x19, 0xF4, 0x80, 0x64, 0x01, 0xD0,
    0x00, 0x26, 0x1E, 0xE0, 0x09, 0xF0, 0x20, 0x04, 0x0D, 0xF1, 0x1C, 0x0A, 0x84, 0xF0, 0x61, 0x04,
    0x04, 0xF1, 0xF6, 0x05, 0x00, 0x24, 0xBC, 0xFB, 0xFB, 0xF7, 0x07, 0xFB, 0x1B, 0xC6, 0x06, 0xF0,
    0xFE, 0x0E, 0x05, 0xEB, 0x06, 0x08, 0xBE, 0xF1, 0x0A, 0x0F, 0x38, 0xBF, 0x46, 0xF0, 0x30, 0x08,
    0x66, 0x1C, 0xDC, 0x45, 0x0A, 0xF8, 0x04, 0x80, 0x03, 0xD3, 0x1F, 0x2C, 0x34, 0x46, 0xBC, 0x46,
    0xE9, 0xD3, 0x07, 0xAF, 0xCD, 0xF8, 0x0C, 0xB0, 0xCD, 0xF8, 0x18, 0x90, 0xCD, 0xE9, 0x00, 0x76,
    0x19, 0x9F, 0x02, 0x97, 0x1B, 0x9F, 0x04, 0x97, 0x1C, 0x9F, 0x05, 0x97, 0xFE, 0xF7, 0x2A, 0xFC,
    0x0F, 0xB0, 0xBD, 0xE8, 0xF0, 0x8F, 0x70, 0x47, 0x70, 0x40, 0x2D, 0xE9, 0x00, 0x50, 0xE0, 0xE3,
    0x09, 0x00, 0x50, 0xE3, 0x19, 0x00, 0x00, 0x8A, 0x00, 0x40, 0xA0, 0xE1, 0x64, 0x00, 0x9F, 0xE5,
    0x00, 0x00, 0x90, 0xE5, 0x30, 0xFF, 0x2F, 0xE1, 0x5C, 0x60, 0x9F, 0xE5, 0x84, 0x01, 0x96, 0xE7,
    0x00, 0x00, 0x50, 0xE3, 0x0D, 0x00, 0x00, 0x0A, 0x84, 0x11, 0x86, 0xE0, 0x10, 0x20, 0x90, 0xE5,
    0x04, 0x00, 0x91, 0xE5, 0x32, 0xFF, 0x2F, 0xE1, 0x00, 0x50, 0xA0, 0xE1, 0x01, 0x00, 0x70, 0xE3,
    0x07, 0x00, 0x00, 0x0A, 0x84, 0x01, 0x96, 0xE7, 0x00, 0x20, 0xA0, 0xE3, 0x84, 0x21, 0x86, 0xE7,
    0xBA, 0x10, 0xD0, 0xE1, 0x01, 0x10, 0xC1, 0xE3, 0xBA, 0x10, 0xC0, 0xE1, 0x00, 0x00, 0x00, 0xEA,
    0x00, 0x50, 0xE0, 0xE3, 0x14, 0x00, 0x9F, 0xE5, 0x00, 0x00, 0x90, 0xE5, 0x30, 0xFF, 0x2F, 0xE1,
    0x05, 0x00, 0xA0, 0xE1, 0x70, 0x80, 0xBD, 0xE8, 0xBC, 0xE0, 0x04, 0x70, 0xE0, 0xDF, 0x04, 0x70,
    0xC8, 0xE0, 0x04, 0x70, 0x2D, 0xE9, 0xFC, 0x47, 0xDF, 0xF8, 0x68, 0x80, 0x00, 0x24, 0x1B, 0x4F,
    0xDF, 0xF8, 0x6C, 0x90, 0xDF, 0xF8, 0x6C, 0xA0, 0x1B, 0x4D, 0xD8, 0xF8, 0x00, 0x00, 0x84, 0x42,
    0x1D, 0xD2, 0x07, 0xEB, 0xC4, 0x00, 0x51, 0x46, 0x2A, 0x46, 0xB6, 0x23, 0x46, 0x68, 0x30, 0x46,
    0x00, 0x2E, 0x18, 0xBF, 0x01, 0x20, 0xCD, 0xF8, 0x00, 0x90, 0x00, 0xF0, 0xA5, 0xFB, 0x30, 0x46,
    0x4F, 0xF4, 0xD8, 0x71, 0x01, 0xF0, 0xAA, 0xEC, 0x57, 0xF8, 0x34, 0x00, 0x00, 0x21, 0x00, 0x68,
    0x00, 0xF0, 0x4C, 0xFD, 0x57, 0xF8, 0x34, 0x10, 0x01, 0x34, 0x08, 0x60, 0xDD, 0xE7, 0x06, 0x4D,
    0x2C, 0x1D, 0x20, 0x46, 0x01, 0xF0, 0x0E, 0xFC, 0x08, 0xB1, 0xBD, 0xE8, 0xFC, 0x87, 0x2C, 0x60,
    0xBD, 0xE8, 0xFC, 0x87, 0xDC, 0xE0, 0x04, 0x70, 0x78, 0xE0, 0x04, 0x70, 0xB4, 0xE0, 0x04, 0x70,
    0x0A, 0x62, 0x30, 0x80, 0x2F, 0x62, 0x30, 0x80, 0x92, 0x63, 0x30, 0x80, 0x10, 0x40, 0x2D, 0xE9,
    0x00, 0x40, 0xA0, 0xE1, 0x00, 0x00, 0x90, 0xE5, 0x01, 0x00, 0x70, 0xE3, 0x0C, 0x00, 0x00, 0x0A,
    0x14, 0x20, 0x94, 0xE5, 0x04, 0x10, 0x94, 0xE5, 0x20, 0x00, 0x12, 0xE3, 0x00, 0x00, 0x51, 0x13,
    0x09, 0x00, 0x00, 0x1A, 0x00, 0x00, 0xA0, 0xE3, 0x10, 0x10, 0x84, 0xE5, 0x08, 0x10, 0x84, 0xE5,
    0x40, 0x00, 0x12, 0xE3, 0x10, 0x80, 0xBD, 0x08, 0x30, 0x10, 0xC2, 0xE3, 0x14, 0x10, 0x84, 0xE5,
    0x10, 0x80, 0xBD, 0xE8, 0x00, 0x00, 0xE0, 0xE3, 0x10, 0x80, 0xBD, 0xE8, 0x08, 0x30, 0x94, 0xE5,
    0x01, 0x00, 0x53, 0xE1, 0xF2, 0xFF, 0xFF, 0x0A, 0x01, 0x20, 0x43, 0xE0, 0xAB, 0x04, 0x00, 0xEB,
    0x00, 0x00, 0x50, 0xE3, 0x02, 0x00, 0x00, 0x4A, 0x04, 0x10, 0x94, 0xE5, 0x14, 0x20, 0x94, 0xE5,
    0xEB, 0xFF, 0xFF, 0xEA, 0x14, 0x00, 0x94, 0xE5, 0x01, 0x1B, 0x80, 0xE3, 0x00, 0x00, 0xE0, 0xE3,
    0xED, 0xFF, 0xFF, 0xEA, 0xF0, 0x48, 0x2D, 0xE9, 0x6C, 0x30, 0x9F, 0xE5, 0x02, 0x40, 0xA0, 0xE1,
    0x01, 0x50, 0xA0, 0xE1, 0x00, 0x60, 0xA0, 0xE1, 0x00, 0x20, 0x93, 0xE5, 0x32, 0xFF, 0x2F, 0xE1,
    0x01, 0x0C, 0x54, 0xE3, 0x01, 0x4C, 0xA0, 0x23, 0x50, 0x70, 0x9F, 0xE5, 0x26, 0x04, 0xA0, 0xE1,
    0x00, 0x20, 0xA0, 0xE3, 0x00, 0x30, 0xA0, 0xE3, 0x01, 0x00, 0xC7, 0xE5, 0x24, 0x04, 0xA0, 0xE1,
    0x00, 0x60, 0xC7, 0xE5, 0x03, 0x00, 0xC7, 0xE5, 0xF2, 0x00, 0xA0, 0xE3, 0x07, 0x10, 0xA0, 0xE1,
    0x02, 0x40, 0xC7, 0xE5, 0xCA, 0x01, 0x00, 0xEB, 0x07, 0x00, 0xA0, 0xE1, 0x05, 0x10, 0xA0, 0xE1,
    0xB1, 0x01, 0x00, 0xEB, 0x18, 0x00, 0x9F, 0xE5, 0xF0, 0x40, 0xD7, 0xE1, 0x00, 0x00, 0x90, 0xE5,
    0x30, 0xFF, 0x2F, 0xE1, 0x04, 0x00, 0xA0, 0xE1, 0xF0, 0x88, 0xBD, 0xE8, 0xBC, 0xE0, 0x04, 0x70,
    0xB0, 0x0B, 0x04, 0x70, 0xC8, 0xE0, 0x04, 0x70, 0xF0, 0x48, 0x2D, 0xE9, 0x6C, 0x30, 0x9F, 0xE5,
    0x02, 0x40, 0xA0, 0xE1, 0x01, 0x50, 0xA0, 0xE1, 0x00, 0x60, 0xA0, 0xE1, 0x00, 0x20, 0x93, 0xE5,
    0x32, 0xFF, 0x2F, 0xE1, 0x01, 0x0C, 0x54, 0xE3, 0x01, 0x4C, 0xA0, 0x23, 0x50, 0x70, 0x9F, 0xE5,
    0x26, 0x04, 0xA0, 0xE1, 0x05, 0x20, 0xA0, 0xE1, 0x01, 0x00, 0xC7, 0xE5, 0x24, 0x04, 0xA0, 0xE1,
    0x04, 0x30, 0xA0, 0xE1, 0x00, 0x60, 0xC7, 0xE5, 0x03, 0x00, 0xC7, 0xE5, 0xF3, 0x00, 0xA0, 0xE3,
    0x07, 0x10, 0xA0, 0xE1, 0x02, 0x40, 0xC7, 0xE5, 0xA9, 0x01, 0x00, 0xEB, 0x07, 0x00, 0xA0, 0xE1,
    0x00, 0x10, 0xA0, 0xE3, 0x90, 0x01, 0x00, 0xEB, 0x18, 0x00, 0x9F, 0xE5, 0xF0, 0x40, 0xD7, 0xE1,
    0x00, 0x00, 0x90, 0xE5, 0x30, 0xFF, 0x2F, 0xE1, 0x04, 0x00, 0xA0, 0xE1, 0xF0, 0x88, 0xBD, 0xE8,
    0xBC, 0xE0, 0x04, 0x70, 0xB0, 0x0B, 0x04, 0x70, 0xC8, 0xE0, 0x04, 0x70, 0x70, 0xB5, 0x1D, 0x4D,
    0x04, 0x46, 0x29, 0x78, 0x11, 0xB1, 0x1C, 0x48, 0xC1, 0x68, 0x13, 0xE0, 0x1A, 0x4E, 0x06, 0xF1,
    0x08, 0x00, 0x01, 0xF0, 0x85, 0xFA, 0xF0, 0x68, 0x01, 0xF0, 0x1A, 0xFB, 0xF1, 0x68, 0x39, 0xB9,
    0x4F, 0xF4, 0x00, 0x32, 0x01, 0x28, 0x08, 0xBF, 0x4F, 0xF4, 0x80, 0x22, 0xC6, 0xE9, 0x00, 0x22,
    0x01, 0x20, 0x28, 0x70, 0x10, 0x48, 0x82, 0x68, 0x11, 0x43, 0x17, 0xD1, 0x01, 0x68, 0xA1, 0x42,
    0x06, 0xD9, 0x14, 0xF1, 0xF0, 0x44, 0x4F, 0xF0, 0x00, 0x00, 0x40, 0xF1, 0x00, 0x01, 0x0E, 0xE0,
    0xB4, 0xF5, 0x00, 0x2F, 0x0A, 0xD3, 0x40, 0x68, 0x00, 0x21, 0x00, 0xF5, 0x00, 0x20, 0xA0, 0x42,
    0x05, 0xD9, 0x06, 0x48, 0x24, 0x18, 0x41, 0xF1, 0x00, 0x01, 0x00, 0xE0, 0x00, 0x21, 0x20, 0x46,
    0x70, 0xBD, 0x00, 0xBF, 0xE4, 0xE0, 0x04, 0x70, 0xA0, 0x0B, 0x04, 0x70, 0x00, 0x00, 0x08, 0x78,
    0x2D, 0xE9, 0xFC, 0x41, 0x88, 0xB3, 0x05, 0x68, 0x40, 0xF2, 0x3D, 0x33, 0x19, 0x49, 0x1A, 0x4A,
    0x17, 0x4C, 0x28, 0x46, 0x00, 0x2D, 0x18, 0xBF, 0x01, 0x20, 0x00, 0x94, 0x00, 0xF0, 0x64, 0xFA,
    0x01, 0x27, 0x01, 0xF0, 0x58, 0xFB, 0x04, 0x46, 0x40, 0xF6, 0xB8, 0x38, 0x40, 0xF6, 0xB7, 0x36,
    0xF8, 0x07, 0x10, 0xD0, 0x28, 0x68, 0x01, 0xF0, 0xEB, 0xF9, 0x01, 0x28, 0x0B, 0xD0, 0x01, 0xF0,
    0x4A, 0xFB, 0x00, 0x1B, 0x00, 0x27, 0x40, 0x45, 0x38, 0xBF, 0x01, 0x27, 0xB0, 0x42, 0xEF, 0xD8,
    0x00, 0xF0, 0x57, 0xF9, 0xEC, 0xE7, 0x07, 0x49, 0x07, 0xF0, 0x01, 0x00, 0x06, 0x4A, 0x40, 0xF2,
    0x57, 0x33, 0x06, 0x4C, 0x00, 0x94, 0x00, 0xF0, 0x3F, 0xFA, 0xBD, 0xE8, 0xFC, 0x81, 0x00, 0xBF,
    0x1D, 0x62, 0x30, 0x80, 0x2F, 0x62, 0x30, 0x80, 0x88, 0x62, 0x30, 0x80, 0x20, 0x61, 0x30, 0x80,
    0x70, 0xB5, 0x14, 0x46, 0x0D, 0x46, 0x06, 0x46, 0x02, 0x2B, 0x17, 0xD0, 0x01, 0x2B, 0x0D, 0xD0,
    0x5B, 0xBB, 0x3F, 0x2C, 0x29, 0xD8, 0xB4, 0xF1, 0x20, 0x00, 0x42, 0xF2, 0x0C, 0x01, 0x06, 0xEB,
    0x45, 0x22, 0x34, 0xBF, 0x42, 0xF2, 0x08, 0x01, 0x04, 0x46, 0x18, 0xE0, 0x07, 0x2C, 0x1C, 0xD8,
    0x06, 0xEB, 0x45, 0x20, 0x42, 0xF2, 0x88, 0x01, 0x01, 0x44, 0x11, 0xE0, 0x3F, 0x2C, 0x14, 0xD8,
    0x30, 0x46, 0x29, 0x46, 0x22, 0x46, 0x00, 0xF0, 0x2F, 0xFF, 0xB4, 0xF1, 0x20, 0x00, 0x42, 0xF2,
    0x2C, 0x01, 0x06, 0xEB, 0x45, 0x22, 0x34, 0xBF, 0x42, 0xF2, 0x28, 0x01, 0x04, 0x46, 0x11, 0x44,
    0x01, 0x20, 0x00, 0xFA, 0x04, 0xF2, 0x0A, 0x60, 0x70, 0xBD, 0x00, 0x20, 0x70, 0xBD, 0x70, 0xB5,
    0x14, 0x46, 0x0D, 0x46, 0x06, 0x46, 0x02, 0x2B, 0x17, 0xD0, 0x01, 0x2B, 0x0D, 0xD0, 0x5B, 0xBB,
    0x3F, 0x2C, 0x29, 0xD8, 0xB4, 0xF1, 0x20, 0x00, 0x42, 0xF2, 0x14, 0x01, 0x06, 0xEB, 0x45, 0x22,
    0x34, 0xBF, 0x42, 0xF2, 0x10, 0x01, 0x04, 0x46, 0x18, 0xE0, 0x07, 0x2C, 0x1C, 0xD8, 0x06, 0xEB,
    0x45, 0x20, 0x42, 0xF2, 0x8C, 0x01, 0x01, 0x44, 0x11, 0xE0, 0x3F, 0x2C, 0x14, 0xD8, 0x30, 0x46,
    0x29, 0x46, 0x22, 0x46, 0x00, 0xF0, 0xF8, 0xFE, 0xB4, 0xF1, 0x20, 0x00, 0x42, 0xF2, 0x34, 0x01,
    0x06, 0xEB, 0x45, 0x22, 0x34, 0xBF, 0x42, 0xF2, 0x30, 0x01, 0x04, 0x46, 0x11, 0x44, 0x01, 0x20,
    0x00, 0xFA, 0x04, 0xF2, 0x0A, 0x60, 0x70, 0xBD, 0x00, 0x20, 0x70, 0xBD, 0x30, 0x48, 0x2D, 0xE9,
    0x54, 0x10, 0x9F, 0xE5, 0x00, 0x40, 0xA0, 0xE1, 0x00, 0x10, 0x91, 0xE5, 0x31, 0xFF, 0x2F, 0xE1,
    0x00, 0x30, 0xA0, 0xE3, 0x03, 0x00, 0xD4, 0xE7, 0x01, 0x30, 0x83, 0xE2, 0x00, 0x00, 0x50, 0xE3,
    0xFB, 0xFF, 0xFF, 0x1A, 0x34, 0x50, 0x9F, 0xE5, 0xF5, 0x00, 0xA0, 0xE3, 0x04, 0x20, 0xA0, 0xE1,
    0x05, 0x10, 0xA0, 0xE1, 0x16, 0x01, 0x00, 0xEB, 0x05, 0x00, 0xA0, 0xE1, 0x00, 0x10, 0xA0, 0xE3,
    0xFD, 0x00, 0x00, 0xEB, 0x18, 0x00, 0x9F, 0xE5, 0xF0, 0x40, 0xD5, 0xE1, 0x00, 0x00, 0x90, 0xE5,
    0x30, 0xFF, 0x2F, 0xE1, 0x04, 0x00, 0xA0, 0xE1, 0x30, 0x88, 0xBD, 0xE8, 0xBC, 0xE0, 0x04, 0x70,
    0xB0, 0x0B, 0x04, 0x70, 0xC8, 0xE0, 0x04, 0x70, 0x70, 0xB5, 0x48, 0xB1, 0x05, 0x46, 0x04, 0x46,
    0x55, 0xF8, 0x3C, 0x0F, 0x38, 0xB1, 0x09, 0x21, 0x4F, 0xF0, 0xFF, 0x30, 0xA1, 0x64, 0x70, 0xBD,
    0x6F, 0xF0, 0x02, 0x00, 0x70, 0xBD, 0x00, 0x20, 0x4F, 0xF0, 0xFF, 0x36, 0xC4, 0xE9, 0x11, 0x60,
    0x03, 0xB1, 0x18, 0x68, 0x63, 0x6D, 0xE0, 0x64, 0xC4, 0xE9, 0x0F, 0x12, 0x01, 0x2B, 0x14, 0xD1,
    0xB2, 0xB1, 0x4F, 0xF0, 0xFF, 0x30, 0x79, 0xB1, 0x72, 0xB1, 0x00, 0x20, 0x22, 0x61, 0xC4, 0xE9,
    0x02, 0x10, 0x02, 0x20, 0x60, 0x65, 0x20, 0x46, 0x00, 0xF0, 0x31, 0xFE, 0x20, 0x46, 0x29, 0x46,
    0xFE, 0xF7, 0x3C, 0xFC, 0x01, 0x21, 0x61, 0x65, 0x70, 0xBD, 0x6F, 0xF0, 0x03, 0x00, 0x70, 0xBD,
    0x0A, 0x21, 0xD1, 0xE7, 0x38, 0xB1, 0xB0, 0xB5, 0xC4, 0x6B, 0x3C, 0xB1, 0x09, 0x21, 0x4F, 0xF0,
    0xFF, 0x33, 0x81, 0x64, 0x24, 0xE0, 0x6F, 0xF0, 0x02, 0x03, 0x23, 0xE0, 0x00, 0x24, 0x4F, 0xF0,
    0xFF, 0x35, 0xC0, 0xE9, 0x11, 0x54, 0x03, 0xB1, 0x1C, 0x68, 0x43, 0x6D, 0xC4, 0x64, 0xC0, 0xE9,
    0x0F, 0x12, 0x01, 0x2B, 0x12, 0xD1, 0xBA, 0xB1, 0x4F, 0xF0, 0xFF, 0x33, 0x81, 0xB1, 0x7A, 0xB1,
    0x00, 0x23, 0x81, 0x60, 0x01, 0x68, 0x02, 0x24, 0x02, 0x61, 0xC3, 0x60, 0x44, 0x65, 0x01, 0x24,
    0x4A, 0x68, 0x42, 0xF0, 0x02, 0x02, 0x4A, 0x60, 0x44, 0x65, 0x01, 0xE0, 0x6F, 0xF0, 0x03, 0x03,
    0xBD, 0xE8, 0xB0, 0x40, 0x18, 0x46, 0x70, 0x47, 0x0A, 0x21, 0xD0, 0xE7, 0x4E, 0xF2, 0xC0, 0x02,
    0xC7, 0xF2, 0x04, 0x02, 0xC2, 0xE9, 0x00, 0x01, 0x00, 0xF0, 0x00, 0xB8, 0x80, 0xB5, 0x4F, 0xF0,
    0xFF, 0x30, 0x00, 0xF0, 0x2A, 0xEE, 0x4F, 0xF0, 0xFF, 0x30, 0x00, 0xF0, 0x2E, 0xEE, 0x07, 0x20,
    0x00, 0xF0, 0x1A, 0xEE, 0x4F, 0xF0, 0x00, 0x40, 0xBD, 0xE8, 0x80, 0x40, 0x01, 0xF0, 0x98, 0xBA,
    0x80, 0xB5, 0x4E, 0xF2, 0xC0, 0x02, 0xC7, 0xF2, 0x04, 0x02, 0xD2, 0xE9, 0x00, 0x2E, 0xA2, 0xFB,
    0x00, 0xC3, 0x02, 0xFB, 0x01, 0x31, 0x4C, 0xF6, 0x00, 0x22, 0x0E, 0xFB, 0x00, 0x11, 0xC3, 0xF6,
    0x9A, 0x32, 0x00, 0x23, 0x60, 0x46, 0x01, 0xF0, 0x06, 0xE8, 0x80, 0xBD, 0x01, 0x20, 0x01, 0xF0,
    0x7B, 0xBA, 0x70, 0x47, 0x4B, 0x1E, 0x04, 0x2B, 0x1F, 0xD8, 0x10, 0xB5, 0x0F, 0xF2, 0x10, 0x01,
    0x0E, 0x4A, 0x0F, 0x48, 0x01, 0xEB, 0x83, 0x04, 0x02, 0xF5, 0x21, 0x01, 0xDF, 0xE8, 0x03, 0xF0,
    0x0F, 0x03, 0x0A, 0x0D, 0x05, 0x00, 0x0B, 0x49, 0x08, 0xE0, 0x0A, 0x49, 0x0A, 0x48, 0x01, 0xF1,
    0x12, 0x71, 0x04, 0xE0, 0x10, 0x1D, 0x11, 0x46, 0x01, 0xE0, 0x08, 0x49, 0x08, 0x1D, 0x08, 0x4A,
    0x08, 0x4B, 0x0A, 0x60, 0x03, 0x60, 0xBD, 0xE8, 0x10, 0x40, 0x70, 0x47, 0x08, 0x10, 0x2F, 0x50,
    0x0C, 0x10, 0xD0, 0x50, 0x08, 0x10, 0xD8, 0x50, 0x0C, 0x10, 0x20, 0x53, 0x08, 0x90, 0x20, 0x53,
    0x67, 0x45, 0x23, 0x01, 0xA8, 0xCB, 0xED, 0x0F, 0x68, 0xB3, 0x70, 0xB5, 0x04, 0x46, 0x00, 0x68,
    0x01, 0xF0, 0x71, 0xF9, 0x10, 0xF0, 0x82, 0x0F, 0x23, 0xD0, 0x25, 0x46, 0x55, 0xF8, 0x28, 0x0F,
    0x08, 0xB1, 0xA0, 0x69, 0xE0, 0x62, 0x6F, 0xF0, 0x3E, 0x06, 0x20, 0x68, 0x01, 0x68, 0x01, 0xF0,
    0x62, 0xF9, 0x10, 0xF0, 0x9F, 0x0F, 0x03, 0xD0, 0x70, 0x1C, 0x00, 0x2E, 0x06, 0x46, 0xF4, 0xD1,
    0x20, 0x68, 0x05, 0x21, 0x00, 0xF0, 0x7D, 0xF9, 0xD4, 0xE9, 0x05, 0x01, 0xA2, 0x6A, 0x40, 0x1A,
    0x60, 0x61, 0x12, 0xB1, 0x60, 0x6A, 0x01, 0x30, 0x60, 0x62, 0x28, 0x46, 0x14, 0x21, 0x01, 0xF0,
    0x9E, 0xE9, 0x00, 0x20, 0x70, 0xBD, 0x6F, 0xF0, 0x02, 0x00, 0x70, 0x47, 0x30, 0x48, 0x2D, 0xE9,
    0x48, 0x10, 0x9F, 0xE5, 0x00, 0x40, 0xA0, 0xE1, 0x00, 0x10, 0x91, 0xE5, 0x31, 0xFF, 0x2F, 0xE1,
    0x3C, 0x50, 0x9F, 0xE5, 0xF1, 0x00, 0xA0, 0xE3, 0x00, 0x20, 0xA0, 0xE3, 0x00, 0x30, 0xA0, 0xE3,
    0xB0, 0x40, 0xC5, 0xE1, 0x05, 0x10, 0xA0, 0xE1, 0x7D, 0x00, 0x00, 0xEB, 0x05, 0x00, 0xA0, 0xE1,
    0x00, 0x10, 0xA0, 0xE3, 0x64, 0x00, 0x00, 0xEB, 0x18, 0x00, 0x9F, 0xE5, 0xF0, 0x40, 0xD5, 0xE1,
    0x00, 0x00, 0x90, 0xE5, 0x30, 0xFF, 0x2F, 0xE1, 0x04, 0x00, 0xA0, 0xE1, 0x30, 0x88, 0xBD, 0xE8,
    0xBC, 0xE0, 0x04, 0x70, 0xB0, 0x0B, 0x04, 0x70, 0xC8, 0xE0, 0x04, 0x70, 0x70, 0xB5, 0x40, 0xF6,
    0x80, 0x35, 0xC7, 0xF2, 0x04, 0x05, 0x95, 0xE8, 0x13, 0x00, 0x01, 0x30, 0x41, 0xF1, 0x00, 0x01,
    0xC5, 0xE9, 0x00, 0x01, 0xC4, 0xB1, 0x00, 0x26, 0xE0, 0x68, 0xD5, 0xE9, 0x00, 0x12, 0x41, 0x40,
    0x11, 0x43, 0x11, 0xD1, 0xD4, 0xE9, 0x04, 0x12, 0xE6, 0x60, 0xAA, 0x60, 0x21, 0xB1, 0x08, 0x44,
    0xE0, 0x60, 0x20, 0x46, 0x00, 0xF0, 0x94, 0xFA, 0x22, 0x68, 0x12, 0xB1, 0x61, 0x68, 0x20, 0x46,
    0x90, 0x47, 0xAC, 0x68, 0x00, 0x2C, 0xE7, 0xD1, 0x4E, 0xF2, 0x30, 0x00, 0xC7, 0xF2, 0x04, 0x00,
    0x00, 0x68, 0xBD, 0xE8, 0x70, 0x40, 0x01, 0xF0, 0x82, 0xB9, 0x70, 0x47, 0x4B, 0x1E, 0x04, 0x2B,
    0x1E, 0xD8, 0x10, 0xB5, 0x0F, 0xF2, 0x10, 0x01, 0x0E, 0x4A, 0x0F, 0x48, 0x01, 0xEB, 0x83, 0x04,
    0x02, 0xF5, 0x21, 0x01, 0xDF, 0xE8, 0x03, 0xF0, 0x0F, 0x03, 0x0A, 0x0D, 0x05, 0x00, 0x0B, 0x49,
    0x08, 0xE0, 0x0A, 0x49, 0x0A, 0x48, 0x01, 0xF1, 0x12, 0x71, 0x04, 0xE0, 0x10, 0x1D, 0x11, 0x46,
    0x01, 0xE0, 0x08, 0x49, 0x08, 0x1D, 0x00, 0x22, 0x0A, 0x60, 0x02, 0x60, 0xBD, 0xE8, 0x10, 0x40,
    0x70, 0x47, 0x00, 0xBF, 0x08, 0x10, 0x2F, 0x50, 0x0C, 0x10, 0xD0, 0x50, 0x08, 0x10, 0xD8, 0x50,
    0x0C, 0x10, 0x20, 0x53, 0x08, 0x90, 0x20, 0x53, 0x00, 0xB1, 0x70, 0x47, 0x2D, 0xE9, 0xF0, 0x43,
    0x85, 0xB0, 0xDD, 0xF8, 0x30, 0x90, 0x01, 0x20, 0x1C, 0x46, 0x15, 0x46, 0x0E, 0x46, 0x04, 0x90,
    0x00, 0xF0, 0xA4, 0xF8, 0x44, 0xF2, 0x40, 0x28, 0x00, 0x23, 0xC0, 0xF2, 0x0F, 0x08, 0x07, 0x46,
    0x42, 0x46, 0x00, 0xF0, 0xF8, 0xEE, 0x45, 0xF6, 0xF2, 0x51, 0x00, 0xFB, 0x18, 0x73, 0xC8, 0xF2,
    0x30, 0x01, 0x02, 0x46, 0x01, 0x20, 0x00, 0x96, 0x01, 0x95, 0xCD, 0xE9, 0x02, 0x49, 0x00, 0xF0,
    0xC3, 0xFC, 0x01, 0xF0, 0x6E, 0xE9, 0x04, 0x98, 0x00, 0x28, 0xFC, 0xD1, 0x05, 0xB0, 0xBD, 0xE8,
    0xF0, 0x43, 0x70, 0x47, 0x70, 0x40, 0x2D, 0xE9, 0x44, 0x40, 0x9F, 0xE5, 0x04, 0x00, 0xA0, 0xE1,
    0x5F, 0xFB, 0xFF, 0xEB, 0x3C, 0x50, 0x9F, 0xE5, 0x18, 0x40, 0x84, 0xE2, 0x01, 0x60, 0xA0, 0xE3,
    0x00, 0x00, 0x95, 0xE5, 0x00, 0x00, 0x56, 0xE1, 0x08, 0x00, 0x00, 0xAA, 0x00, 0x10, 0x94, 0xE5,
    0x00, 0x00, 0x51, 0xE3, 0x02, 0x00, 0x00, 0x4A, 0x04, 0x00, 0xA0, 0xE1, 0x54, 0xFB, 0xFF, 0xEB,
    0x00, 0x00, 0x95, 0xE5, 0x01, 0x60, 0x86, 0xE2, 0x18, 0x40, 0x84, 0xE2, 0xF4, 0xFF, 0xFF, 0xEA,
    0x70, 0x80, 0xBD, 0xE8, 0x20, 0xDE, 0x04, 0x70, 0x8C, 0xE0, 0x04, 0x70, 0x00, 0x48, 0x2D, 0xE9,
    0x48, 0xC0, 0x9F, 0xE5, 0x00, 0x30, 0xA0, 0xE3, 0x00, 0xE0, 0x9C, 0xE5, 0x08, 0x00, 0x53, 0xE3,
    0x04, 0x00, 0x00, 0x0A, 0x03, 0x20, 0x8C, 0xE0, 0x04, 0x20, 0xD2, 0xE5, 0x03, 0x20, 0xC0, 0xE7,
    0x01, 0x30, 0x83, 0xE2, 0xF8, 0xFF, 0xFF, 0xEA, 0x00, 0x00, 0x51, 0xE3, 0x06, 0x00, 0x00, 0x0A,
    0x0C, 0x00, 0x8C, 0xE2, 0x00, 0x00, 0x5E, 0xE3, 0x03, 0x00, 0x00, 0x0A, 0x01, 0x20, 0xD0, 0xE4,
    0x01, 0xE0, 0x4E, 0xE2, 0x01, 0x20, 0xC1, 0xE4, 0xF9, 0xFF, 0xFF, 0xEA, 0x00, 0x88, 0xBD, 0xE8,
    0xC0, 0x09, 0x04, 0x70, 0x10, 0x40, 0x2D, 0xE9, 0x48, 0xC0, 0x9F, 0xE5, 0x00, 0xE0, 0xA0, 0xE3,
    0x00, 0x30, 0x8C, 0xE5, 0x04, 0x00, 0xCC, 0xE5, 0x08, 0x00, 0x5E, 0xE3, 0x04, 0x00, 0x00, 0x0A,
    0x0E, 0x00, 0xD1, 0xE7, 0x0E, 0x40, 0x8C, 0xE0, 0x01, 0xE0, 0x8E, 0xE2, 0x05, 0x00, 0xC4, 0xE5,
    0xF8, 0xFF, 0xFF, 0xEA, 0x0D, 0x00, 0x8C, 0xE2, 0x00, 0x00, 0x53, 0xE3, 0x03, 0x00, 0x00, 0x0A,
    0x01, 0x10, 0xD2, 0xE4, 0x01, 0x30, 0x43, 0xE2, 0x01, 0x10, 0xC0, 0xE4, 0xF9, 0xFF, 0xFF, 0xEA,
    0x00, 0xF0, 0x20, 0xE3, 0x10, 0x80, 0xBD, 0xE8, 0xC0, 0x09, 0x04, 0x70, 0xF0, 0xB5, 0x81, 0xB0,
    0x40, 0xF6, 0x80, 0x37, 0xC7, 0xF2, 0x04, 0x07, 0xD7, 0xE9, 0x00, 0x12, 0x78, 0x69, 0x15, 0x46,
    0x0E, 0x46, 0x01, 0xF0, 0x92, 0xF8, 0xD7, 0xE9, 0x00, 0x12, 0x85, 0xEA, 0x02, 0x03, 0x86, 0xEA,
    0x01, 0x04, 0x23, 0x43, 0xF2, 0xD1, 0xF9, 0x68, 0xBA, 0x69, 0x00, 0x27, 0xA6, 0xFB, 0x01, 0x43,
    0x80, 0x1A, 0x05, 0xFB, 0x01, 0x35, 0x67, 0xF1, 0x00, 0x03, 0xA0, 0xFB, 0x01, 0x07, 0xD2, 0x43,
    0x03, 0xFB, 0x01, 0x71, 0x00, 0x23, 0x00, 0xF0, 0x36, 0xEE, 0x00, 0x19, 0x69, 0x41, 0x01, 0xB0,
    0xF0, 0xBD, 0xB0, 0xB5, 0x11, 0xF0, 0xF0, 0x0F, 0x0B, 0xD0, 0xBF, 0x22, 0xC3, 0x68, 0xC2, 0x60,
    0x82, 0x68, 0x84, 0x68, 0x02, 0xF0, 0x10, 0x02, 0x44, 0xF0, 0x10, 0x04, 0x84, 0x60, 0xC3, 0x60,
    0x00, 0xE0, 0x00, 0x22, 0xC3, 0x68, 0x6F, 0xF0, 0xFF, 0x05, 0xC4, 0x68, 0x65, 0xEA, 0x01, 0x05,
    0x04, 0xF0, 0x7F, 0x04, 0xC4, 0x60, 0x44, 0x68, 0x2C, 0x40, 0x11, 0xF0, 0xF0, 0x0F, 0x44, 0x60,
    0xC3, 0x60, 0x08, 0xD0, 0xBF, 0x21, 0xC3, 0x68, 0xC1, 0x60, 0x81, 0x68, 0x21, 0xF0, 0x10, 0x01,
    0x11, 0x43, 0x81, 0x60, 0xC3, 0x60, 0xB0, 0xBD, 0x70, 0xB5, 0x05, 0x46, 0xD0, 0xE9, 0x00, 0x06,
    0x02, 0x21, 0xFF, 0xF7, 0xCE, 0xFF, 0x01, 0xF0, 0x84, 0xE8, 0x29, 0x69, 0x04, 0x46, 0x69, 0xB1,
    0x30, 0x6A, 0x03, 0x28, 0x0D, 0xD1, 0x28, 0x46, 0x01, 0x21, 0x00, 0xF0, 0xBC, 0xFD, 0xE8, 0x6B,
    0x00, 0x26, 0x00, 0x28, 0x0C, 0xBF, 0xEE, 0x60, 0x2E, 0x64, 0x0B, 0xE0, 0x4F, 0xF0, 0xFF, 0x36,
    0x08, 0xE0, 0xD5, 0xE9, 0x02, 0x10, 0xEA, 0x6B, 0x09, 0x1A, 0xA9, 0x60, 0x02, 0xB1, 0x28, 0x64,
    0x00, 0x26, 0x2E, 0x61, 0x20, 0x46, 0x01, 0xF0, 0x60, 0xE8, 0x30, 0x46, 0x70, 0xBD, 0x70, 0x47,
    0x40, 0x10, 0x9F, 0xE5, 0x00, 0x40, 0xA0, 0xE1, 0x00, 0x10, 0x91, 0xE5, 0x31, 0xFF, 0x2F, 0xE1,
    0x34, 0x50, 0x9F, 0xE5, 0x04, 0x10, 0x95, 0xE5, 0x00, 0x00, 0x51, 0xE3, 0x01, 0x00, 0x00, 0x0A,
    0x04, 0x00, 0xA0, 0xE1, 0x31, 0xFF, 0x2F, 0xE1, 0x00, 0x00, 0x95, 0xE5, 0x00, 0x00, 0x50, 0xE3,
    0x00, 0x00, 0x00, 0x0A, 0x30, 0xFF, 0x2F, 0xE1, 0x10, 0x00, 0x9F, 0xE5, 0x00, 0x00, 0x90, 0xE5,
    0x30, 0xFF, 0x2F, 0xE1, 0x15, 0x04, 0x00, 0xEB, 0xBC, 0xE0, 0x04, 0x70, 0x9C, 0xE0, 0x04, 0x70,
    0xC8, 0xE0, 0x04, 0x70, 0xF0, 0x48, 0x2D, 0xE9, 0x00, 0x40, 0xA0, 0xE1, 0x00, 0x00, 0xD0, 0xE5,
    0x00, 0x00, 0x50, 0xE3, 0x0B, 0x00, 0x00, 0x0A, 0x34, 0x60, 0x9F, 0xE5, 0x28, 0x70, 0xA0, 0xE3,
    0x78, 0x00, 0x57, 0xE3, 0x07, 0x00, 0x00, 0x0A, 0x07, 0x50, 0x86, 0xE0, 0x04, 0x10, 0xA0, 0xE1,
    0x05, 0x00, 0xA0, 0xE1, 0x4E, 0xEF, 0xFF, 0xEB, 0x00, 0x00, 0x50, 0xE3, 0x02, 0x00, 0x00, 0x0A,
    0x28, 0x70, 0x87, 0xE2, 0xF5, 0xFF, 0xFF, 0xEA, 0x00, 0x50, 0xA0, 0xE3, 0x05, 0x00, 0xA0, 0xE1,
    0xF0, 0x88, 0xBD, 0xE8, 0x10, 0xDF, 0x04, 0x70, 0x70, 0x40, 0x2D, 0xE9, 0x3C, 0x40, 0x9F, 0xE5,
    0x34, 0x00, 0x9F, 0xE5, 0x00, 0x00, 0x54, 0xE1, 0x09, 0x00, 0x00, 0x0A, 0x30, 0x50, 0x9F, 0xE5,
    0x30, 0x60, 0x9F, 0xE5, 0x06, 0x00, 0x55, 0xE1, 0x05, 0x00, 0x00, 0x0A, 0xD0, 0x00, 0xC5, 0xE1,
    0x01, 0x20, 0xD0, 0xE4, 0x02, 0x21, 0x94, 0xE7, 0x32, 0xFF, 0x2F, 0xE1, 0x08, 0x50, 0x85, 0xE2,
    0xF7, 0xFF, 0xFF, 0xEA, 0x00, 0x00, 0xA0, 0xE1, 0x70, 0x80, 0xBD, 0xE8, 0x00, 0x00, 0x00, 0x00,
    0x00, 0x00, 0x00, 0x00, 0x00, 0x00, 0x00, 0x00, 0x00, 0x00, 0x00, 0x00, 0x70, 0xB5, 0x4E, 0xF2,
    0x90, 0x03, 0xC7, 0xF2, 0x04, 0x03, 0x1A, 0x68, 0xDA, 0xB1, 0x9B, 0x68, 0x4F, 0xF0, 0xFF, 0x3C,
    0x08, 0x33, 0x53, 0xE9, 0x02, 0xE4, 0xB0, 0xEB, 0x0E, 0x05, 0x71, 0xEB, 0x04, 0x05, 0x0D, 0xD3,
    0x5D, 0x68, 0x0C, 0xFA, 0x05, 0xF6, 0x20, 0x3D, 0x58, 0xBF, 0x00, 0x26, 0xF5, 0x43, 0x15, 0xEB,
    0x0E, 0x05, 0x44, 0xF1, 0x00, 0x04, 0x2D, 0x1A, 0x8C, 0x41, 0x03, 0xD2, 0x10, 0x33, 0x01, 0x3A,
    0xE7, 0xD1, 0x70, 0xBD, 0x19, 0x68, 0xA0, 0xEB, 0x0E, 0x00, 0x08, 0x44, 0x70, 0xBD, 0x00, 0x00,
    0xF8, 0xB5, 0xD8, 0xB1, 0x0C, 0x46, 0xC9, 0xB1, 0x45, 0x68, 0xBD, 0xB1, 0xE9, 0x68, 0xA9, 0xB1,
    0x06, 0x68, 0x40, 0xF2, 0xE1, 0x63, 0x0C, 0x49, 0x0C, 0x4A, 0x0A, 0x4F, 0x30, 0x46, 0x00, 0x2E,
    0x18, 0xBF, 0x01, 0x20, 0x00, 0x97, 0xFF, 0xF7, 0x0F, 0xFE, 0x30, 0x46, 0x29, 0x46, 0x22, 0x46,
    0x00, 0x23, 0x01, 0xB0, 0xBD, 0xE8, 0xF0, 0x40, 0xFD, 0xF7, 0xBE, 0xBE, 0x4F, 0xF0, 0xFF, 0x30,
    0xF8, 0xBD, 0x00, 0xBF, 0x24, 0x63, 0x30, 0x80, 0x07, 0x63, 0x30, 0x80, 0xA6, 0x61, 0x30, 0x80,
    0xF8, 0xB5, 0xD8, 0xB1, 0x0C, 0x46, 0xC9, 0xB1, 0x45, 0x68, 0xBD, 0xB1, 0xE9, 0x68, 0xA9, 0xB1,
    0x06, 0x68, 0x40, 0xF2, 0x2C, 0x73, 0x0C, 0x49, 0x0C, 0x4A, 0x0A, 0x4F, 0x30, 0x46, 0x00, 0x2E,
    0x18, 0xBF, 0x01, 0x20, 0x00, 0x97, 0xFF, 0xF7, 0xE7, 0xFD, 0x30, 0x46, 0x29, 0x46, 0x22, 0x46,
    0x03, 0x23, 0x01, 0xB0, 0xBD, 0xE8, 0xF0, 0x40, 0xFD, 0xF7, 0x96, 0xBE, 0x4F, 0xF0, 0xFF, 0x30,
    0xF8, 0xBD, 0x00, 0xBF, 0x24, 0x63, 0x30, 0x80, 0x07, 0x63, 0x30, 0x80, 0xBB, 0x62, 0x30, 0x80,
    0xF8, 0xB5, 0xD8, 0xB1, 0x0C, 0x46, 0xC9, 0xB1, 0x45, 0x68, 0xBD, 0xB1, 0xE9, 0x68, 0xA9, 0xB1,
    0x06, 0x68, 0x40, 0xF2, 0x13, 0x73, 0x0C, 0x49, 0x0C, 0x4A, 0x0A, 0x4F, 0x30, 0x46, 0x00, 0x2E,
    0x18, 0xBF, 0x01, 0x20, 0x00, 0x97, 0xFF, 0xF7, 0xBF, 0xFD, 0x30, 0x46, 0x29, 0x46, 0x22, 0x46,
    0x02, 0x23, 0x01, 0xB0, 0xBD, 0xE8, 0xF0, 0x40, 0xFD, 0xF7, 0x6E, 0xBE, 0x4F, 0xF0, 0xFF, 0x30,
    0xF8, 0xBD, 0x00, 0xBF, 0x24, 0x63, 0x30, 0x80, 0x07, 0x63, 0x30, 0x80, 0x16, 0x63, 0x30, 0x80,
    0x40, 0xF6, 0x80, 0x3C, 0xC7, 0xF2, 0x04, 0x0C, 0xDC, 0xF8, 0x08, 0x20, 0xAA, 0xB1, 0x80, 0xB5,
    0xD1, 0x68, 0xD0, 0xF8, 0x0C, 0xE0, 0x71, 0x45, 0x03, 0xD9, 0x42, 0x61, 0xCC, 0xF8, 0x08, 0x00,
    0x80, 0xBD, 0x11, 0x46, 0x52, 0x69, 0x6A, 0xB1, 0xD3, 0x68, 0x73, 0x45, 0xF9, 0xD9, 0x42, 0x61,
    0x00, 0x28, 0x41, 0xF8, 0x14, 0x0F, 0xF3, 0xD1, 0x05, 0xE0, 0x00, 0x21, 0xCC, 0xF8, 0x08, 0x00,
    0x41, 0x61, 0x70, 0x47, 0x14, 0x31, 0x00, 0x22, 0x08, 0x60, 0x42, 0x61, 0x80, 0xBD, 0x01, 0x2A,
    0x0D, 0xD0, 0xB2, 0xB9, 0x00, 0xEB, 0xC1, 0x00, 0x1F, 0x2B, 0x13, 0xD8, 0x01, 0x21, 0xD0, 0xF8,
    0x40, 0x23, 0x99, 0x40, 0x22, 0xEA, 0x01, 0x01, 0xC0, 0xF8, 0x40, 0x13, 0x70, 0x47, 0x00, 0xEB,
    0x81, 0x00, 0x6F, 0xF0, 0x01, 0x01, 0xD0, 0xF8, 0x80, 0x23, 0x99, 0x40, 0x11, 0x40, 0xC0, 0xF8,
    0x80, 0x13, 0x70, 0x47, 0xA3, 0xF1, 0x20, 0x01, 0x01, 0x22, 0xD0, 0xF8, 0x44, 0x33, 0x02, 0xFA,
    0x01, 0xF1, 0x23, 0xEA, 0x01, 0x01, 0xC0, 0xF8, 0x44, 0x13, 0x70, 0x47, 0xB0, 0xB5, 0x82, 0xB0,
    0x4D, 0xF6, 0x88, 0x71, 0x40, 0xF6, 0xBC, 0x34, 0xC7, 0xF2, 0x04, 0x01, 0x00, 0x25, 0xC7, 0xF2,
    0x04, 0x04, 0x00, 0x20, 0x25, 0x60, 0xFC, 0xF7, 0x6D, 0xFA, 0x20, 0x60, 0x90, 0xB9, 0x45, 0xF6,
    0xBD, 0x51, 0x46, 0xF2, 0x99, 0x22, 0xC8, 0xF2, 0x30, 0x01, 0xC8, 0xF2, 0x30, 0x02, 0x02, 0x20,
    0x75, 0x23, 0x00, 0x95, 0x00, 0xF0, 0x28, 0xFA, 0x20, 0x68, 0x18, 0xB1, 0xFD, 0xF7, 0xBE, 0xFC,
    0x00, 0x20, 0x20, 0x60, 0x02, 0xB0, 0xB0, 0xBD, 0xC9, 0xB1, 0x70, 0xB5, 0x4D, 0x68, 0x01, 0xF1,
    0x28, 0x04, 0xC8, 0x6A, 0x00, 0x26, 0xAB, 0x6B, 0x4E, 0x63, 0xB0, 0xFB, 0xF3, 0xF2, 0x02, 0xFB,
    0x13, 0x02, 0x6A, 0xB1, 0x15, 0x46, 0x8E, 0x6A, 0x98, 0x42, 0x28, 0xBF, 0x45, 0x1B, 0x70, 0x19,
    0xC1, 0xE9, 0x0A, 0x02, 0x08, 0x46, 0x21, 0x46, 0xFE, 0xF7, 0x00, 0xFF, 0x03, 0xE0, 0x70, 0x47,
    0xEA, 0x6D, 0x08, 0x46, 0x90, 0x47, 0x20, 0x46, 0xBD, 0xE8, 0x70, 0x40, 0x00, 0xF0, 0x4A, 0xBE,
    0x1C, 0x40, 0x2D, 0xE9, 0x34, 0x10, 0x9F, 0xE5, 0x04, 0x00, 0x8D, 0xE5, 0x00, 0x10, 0x91, 0xE5,
    0x31, 0xFF, 0x2F, 0xE1, 0x04, 0x00, 0x8D, 0xE2, 0x12, 0xF9, 0xFF, 0xEB, 0x20, 0x10, 0x90, 0xE5,
    0x04, 0x00, 0x9D, 0xE5, 0x31, 0xFF, 0x2F, 0xE1, 0x14, 0x10, 0x9F, 0xE5, 0x00, 0x40, 0xA0, 0xE1,
    0x00, 0x10, 0x91, 0xE5, 0x31, 0xFF, 0x2F, 0xE1, 0x04, 0x00, 0xA0, 0xE1, 0x1C, 0x80, 0xBD, 0xE8,
    0xBC, 0xE0, 0x04, 0x70, 0xC8, 0xE0, 0x04, 0x70, 0x01, 0xB3, 0xB0, 0xB5, 0x4A, 0x68, 0x01, 0xF1,
    0x3C, 0x04, 0x08, 0x6C, 0x00, 0x25, 0xD3, 0x6B, 0x8D, 0x64, 0x98, 0x42, 0x0E, 0xD3, 0xB0, 0xFB,
    0xF3, 0xF5, 0x05, 0xFB, 0x13, 0x03, 0x4B, 0xB1, 0xCA, 0x6B, 0xC0, 0x1A, 0x10, 0x44, 0xC1, 0xE9,
    0x0F, 0x03, 0x08, 0x46, 0x21, 0x46, 0xFD, 0xF7, 0xB1, 0xFF, 0x02, 0xE0, 0x12, 0x6E, 0x08, 0x46,
    0x90, 0x47, 0x20, 0x46, 0xBD, 0xE8, 0xB0, 0x40, 0x00, 0xF0, 0x04, 0xBE, 0x70, 0x47, 0xF8, 0xB1,
    0xB0, 0xB5, 0x04, 0x46, 0x4F, 0xF4, 0xE1, 0x31, 0x03, 0x22, 0x08, 0x30, 0x20, 0x25, 0xC4, 0xE9,
    0x00, 0x12, 0x20, 0x21, 0x00, 0xF0, 0xCA, 0xED, 0x10, 0x20, 0x01, 0x21, 0x04, 0xF1, 0x3C, 0x03,
    0x4F, 0xF6, 0xFF, 0x72, 0xC4, 0xE9, 0x0A, 0x01, 0x04, 0x20, 0x00, 0x21, 0x22, 0x63, 0x08, 0x22,
    0x84, 0xF8, 0x34, 0x00, 0x4F, 0xF0, 0xFF, 0x30, 0xA1, 0x63, 0x27, 0xC3, 0xBD, 0xE8, 0xB0, 0x40,
    0x70, 0x47, 0xE8, 0xB1, 0x10, 0xB5, 0x04, 0x46, 0x02, 0x20, 0x60, 0x65, 0x20, 0x46, 0x00, 0xF0,
    0x6E, 0xF9, 0x80, 0xB9, 0x20, 0x68, 0x07, 0x21, 0xFF, 0xF7, 0x7B, 0xFD, 0x20, 0x68, 0x00, 0x22,
    0xC1, 0x6E, 0x21, 0xF0, 0x02, 0x01, 0xC1, 0x66, 0x20, 0x68, 0x01, 0x6A, 0x01, 0x6A, 0x41, 0xF0,
    0x07, 0x01, 0x01, 0x62, 0x62, 0x65, 0x20, 0x46, 0xBD, 0xE8, 0x10, 0x40, 0xFD, 0xF7, 0x80, 0xB9,
    0x6F, 0xF0, 0x02, 0x00, 0x70, 0x47, 0x10, 0xB5, 0x04, 0x46, 0x00, 0xF0, 0x1A, 0xEE, 0x40, 0xF6,
    0x80, 0x32, 0xC7, 0xF2, 0x04, 0x02, 0x91, 0x68, 0x89, 0xB1, 0xA1, 0x42, 0x0A, 0xD0, 0x0A, 0x46,
    0x49, 0x69, 0xA1, 0x42, 0x18, 0xBF, 0x00, 0x29, 0xF9, 0xD1, 0xA1, 0x42, 0x07, 0xD1, 0x61, 0x69,
    0x51, 0x61, 0x01, 0xE0, 0x61, 0x69, 0x91, 0x60, 0x00, 0x21, 0x61, 0x61, 0xE1, 0x60, 0xBD, 0xE8,
    0x10, 0x40, 0x00, 0xF0, 0xE9, 0xBD, 0x10, 0xB5, 0x00, 0xF0, 0xE2, 0xFD, 0x02, 0x20, 0x00, 0xF0,
    0xB8, 0xFB, 0x04, 0x20, 0x00, 0xF0, 0xB5, 0xFB, 0x00, 0x20, 0x00, 0x24, 0x00, 0xF0, 0x59, 0xFD,
    0x00, 0x20, 0x04, 0x21, 0xFF, 0xF7, 0x66, 0xFB, 0x48, 0xF2, 0x40, 0x10, 0x04, 0x21, 0xC5, 0xF2,
    0x20, 0x30, 0x04, 0x60, 0x00, 0x20, 0xFF, 0xF7, 0x21, 0xFC, 0xFD, 0xF7, 0xA4, 0xFE, 0xBD, 0xE8,
    0x10, 0x40, 0x00, 0xF0, 0xC1, 0xBD, 0x01, 0x29, 0x0B, 0xD0, 0xD9, 0xB9, 0x6F, 0xF0, 0x03, 0x01,
    0x01, 0xEA, 0x52, 0x01, 0x08, 0x44, 0x1C, 0x21, 0x00, 0xF5, 0x10, 0x70, 0x01, 0xEA, 0x82, 0x01,
    0x02, 0xE0, 0x00, 0xF5, 0x18, 0x70, 0x91, 0x00, 0x10, 0xB5, 0x07, 0x22, 0x04, 0x68, 0x03, 0xF0,
    0x07, 0x03, 0x8A, 0x40, 0x03, 0xFA, 0x01, 0xF1, 0x24, 0xEA, 0x02, 0x02, 0x11, 0x43, 0x01, 0x60,
    0xBD, 0xE8, 0x10, 0x40, 0x70, 0x47, 0x00, 0x00, 0xA0, 0xB1, 0x10, 0xB5, 0x0A, 0x49, 0x0B, 0x4B,
    0x0B, 0x4C, 0x0C, 0x4A, 0x0B, 0x60, 0x4C, 0x60, 0xB0, 0xF9, 0x00, 0x30, 0x5C, 0x1C, 0x04, 0xD0,
    0x44, 0x68, 0x0B, 0x44, 0x08, 0x30, 0x9C, 0x50, 0xF6, 0xE7, 0x00, 0x20, 0x08, 0x60, 0x48, 0x60,
    0xBD, 0xE8, 0x10, 0x40, 0x70, 0x47, 0x00, 0xBF, 0xA4, 0x02, 0x10, 0x53, 0x13, 0x0B, 0xE7, 0x83,
    0xE0, 0xF1, 0xA4, 0x95, 0x5C, 0xFD, 0xFF, 0xFF, 0xB0, 0xB5, 0xC8, 0xB1, 0x04, 0x46, 0x02, 0x20,
    0x60, 0x65, 0x20, 0x46, 0x00, 0xF0, 0xCB, 0xF8, 0x05, 0x46, 0x70, 0xB9, 0x20, 0x68, 0x07, 0x21,
    0xFF, 0xF7, 0xD7, 0xFC, 0x20, 0x68, 0xC1, 0x6E, 0x21, 0xF0, 0x02, 0x01, 0xC1, 0x66, 0x20, 0x68,
    0x01, 0x6A, 0x01, 0x6A, 0x41, 0xF0, 0x07, 0x01, 0x01, 0x62, 0x00, 0x20, 0x60, 0x65, 0x01, 0xE0,
    0x6F, 0xF0, 0x02, 0x05, 0x28, 0x46, 0xB0, 0xBD, 0x00, 0x20, 0x90, 0xE5, 0x30, 0x10, 0x9F, 0xE5,
    0x01, 0xC0, 0xC2, 0xE3, 0x00, 0x30, 0x91, 0xE5, 0x00, 0x00, 0x53, 0xE3, 0x05, 0x00, 0x00, 0x0A,
    0x00, 0x20, 0x93, 0xE5, 0x01, 0x20, 0xC2, 0xE3, 0x0C, 0x00, 0x52, 0xE1, 0x01, 0x00, 0x00, 0x2A,
    0x08, 0x10, 0x83, 0xE2, 0xF6, 0xFF, 0xFF, 0xEA, 0x08, 0x30, 0x80, 0xE5, 0x00, 0x00, 0x81, 0xE5,
    0x1E, 0xFF, 0x2F, 0xE1, 0xB8, 0x0B, 0x04, 0x70, 0x98, 0xB1, 0x41, 0x68, 0x89, 0xB1, 0xC9, 0x68,
    0x79, 0xB1, 0xBC, 0xB5, 0x04, 0x68, 0x40, 0xF2, 0xB7, 0x63, 0x08, 0x49, 0x08, 0x4A, 0x06, 0x4D,
    0x20, 0x46, 0x00, 0x2C, 0x18, 0xBF, 0x01, 0x20, 0x00, 0x95, 0xFF, 0xF7, 0xB5, 0xFB, 0x20, 0x68,
    0xBC, 0xBD, 0x00, 0x20, 0x70, 0x47, 0x00, 0xBF, 0x24, 0x63, 0x30, 0x80, 0x07, 0x63, 0x30, 0x80,
    0x77, 0x62, 0x30, 0x80, 0x7C, 0xB5, 0x04, 0x46, 0x00, 0x68, 0x0D, 0x46, 0x00, 0x21, 0x0D, 0xF1,
    0x07, 0x06, 0x8D, 0xF8, 0x07, 0x10, 0x31, 0x46, 0x00, 0xF0, 0x13, 0xFB, 0x9D, 0xF8, 0x07, 0x10,
    0x65, 0xB1, 0x58, 0xB1, 0x62, 0x69, 0x11, 0x70, 0xD4, 0xE9, 0x05, 0x23, 0x01, 0x33, 0x01, 0x32,
    0x01, 0x3D, 0xC4, 0xE9, 0x05, 0x23, 0xF3, 0xD0, 0x20, 0x68, 0xEC, 0xE7, 0x28, 0x46, 0x7C, 0xBD,
    0x10, 0xB5, 0x04, 0x46, 0x00, 0xF0, 0x1C, 0xED, 0x40, 0xF6, 0x80, 0x32, 0xC7, 0xF2, 0x04, 0x02,
    0x91, 0x68, 0x71, 0xB1, 0xA1, 0x42, 0x0A, 0xD0, 0x0A, 0x46, 0x49, 0x69, 0xA1, 0x42, 0x18, 0xBF,
    0x00, 0x29, 0xF9, 0xD1, 0xA1, 0x42, 0x04, 0xD1, 0x61, 0x69, 0x51, 0x61, 0x01, 0xE0, 0x61, 0x69,
    0x91, 0x60, 0xBD, 0xE8, 0x10, 0x40, 0x00, 0xF0, 0xEF, 0xBC, 0xB0, 0xB5, 0x86, 0xB0, 0x4E, 0xF2,
    0xD0, 0x01, 0x8D, 0xF8, 0x17, 0x00, 0xC7, 0xF2, 0x04, 0x01, 0x09, 0x68, 0x08, 0x46, 0x00, 0xF0,
    0xE9, 0xF9, 0x68, 0xB1, 0x6D, 0x46, 0x04, 0x46, 0x28, 0x46, 0x00, 0xF0, 0xE5, 0xFB, 0x0D, 0xF1,
    0x17, 0x00, 0x01, 0x21, 0xCD, 0xE9, 0x00, 0x01, 0x20, 0x46, 0x29, 0x46, 0xFD, 0xF7, 0xB0, 0xFE,
    0x06, 0xB0, 0xB0, 0xBD, 0x4E, 0xF2, 0x60, 0x01, 0xC7, 0xF2, 0x04, 0x01, 0x08, 0x68, 0x42, 0x1C,
    0x08, 0xBF, 0x70, 0x47, 0x10, 0xB5, 0x01, 0xF1, 0x08, 0x04, 0x54, 0xE9, 0x01, 0x12, 0x4F, 0xF0,
    0x00, 0x03, 0x00, 0xF0, 0xF1, 0xF9, 0xB0, 0xFA, 0x80, 0xF0, 0x40, 0x09, 0x00, 0xF0, 0xB0, 0xFC,
    0x60, 0x68, 0x0C, 0x34, 0x41, 0x1C, 0xF0, 0xD1, 0xBD, 0xE8, 0x10, 0x40, 0x70, 0x47, 0x98, 0xB1,
    0xF8, 0xB5, 0x46, 0x68, 0x04, 0x46, 0x70, 0x6D, 0x80, 0x47, 0x05, 0x46, 0x40, 0xF6, 0xB7, 0x37,
    0x20, 0x68, 0x00, 0xF0, 0xBD, 0xFA, 0x50, 0xB9, 0x70, 0x6D, 0x80, 0x47, 0x40, 0x1B, 0xB8, 0x42,
    0x07, 0xD8, 0xFF, 0xF7, 0x2E, 0xFA, 0xF3, 0xE7, 0x6F, 0xF0, 0x02, 0x00, 0x70, 0x47, 0x00, 0x20,
    0xF8, 0xBD, 0x6F, 0xF0, 0x01, 0x00, 0xF8, 0xBD, 0x82, 0xB0, 0xB0, 0xB5, 0x82, 0xB0, 0x0C, 0x46,
    0x05, 0x46, 0xCD, 0xE9, 0x06, 0x23, 0x00, 0xF0, 0x7F, 0xFC, 0x60, 0xB9, 0x4E, 0xF2, 0xCC, 0x00,
    0xC7, 0xF2, 0x04, 0x00, 0x00, 0x68, 0x28, 0x40, 0xA8, 0x42, 0x04, 0xD1, 0x06, 0xA9, 0x20, 0x46,
    0x01, 0x91, 0x00, 0xF0, 0x33, 0xFA, 0x02, 0xB0, 0xBD, 0xE8, 0xB0, 0x40, 0x02, 0xB0, 0x70, 0x47,
    0x1D, 0x0F, 0x19, 0xEE, 0x1E, 0xFF, 0x2F, 0xE1, 0x1C, 0x0F, 0x09, 0xEE, 0x1E, 0xFF, 0x2F, 0xE1,
    0x3C, 0x0F, 0x09, 0xEE, 0x1E, 0xFF, 0x2F, 0xE1, 0x5C, 0x0F, 0x09, 0xEE, 0x1E, 0xFF, 0x2F, 0xE1,
    0x7C, 0x0F, 0x19, 0xEE, 0x1E, 0xFF, 0x2F, 0xE1, 0x7C, 0x0F, 0x09, 0xEE, 0x1E, 0xFF, 0x2F, 0xE1,
    0x1E, 0x0F, 0x09, 0xEE, 0x1E, 0xFF, 0x2F, 0xE1, 0xB0, 0xB5, 0xB2, 0xF1, 0x20, 0x03, 0x4F, 0xF0,
    0x01, 0x04, 0x38, 0xBF, 0x13, 0x46, 0x42, 0xF2, 0x44, 0x05, 0x4F, 0xEA, 0x41, 0x21, 0x38, 0xBF,
    0x4F, 0xF4, 0x01, 0x55, 0x20, 0x2A, 0x04, 0xFA, 0x03, 0xF3, 0x05, 0xEB, 0x00, 0x04, 0x4F, 0xF4,
    0x43, 0x75, 0x63, 0x50, 0x38, 0xBF, 0x4F, 0xF4, 0x42, 0x75, 0x2B, 0x50, 0xB0, 0xBD, 0xC0, 0xB1,
    0x10, 0xB5, 0x04, 0x46, 0x00, 0xF0, 0x54, 0xEC, 0x61, 0x68, 0xA2, 0x68, 0x8A, 0x42, 0x0C, 0xD2,
    0x21, 0x68, 0x02, 0x29, 0x04, 0xD1, 0xE1, 0x68, 0x11, 0xB1, 0xE1, 0x68, 0x01, 0x39, 0xE1, 0x60,
    0xE1, 0x68, 0x11, 0xB9, 0xA1, 0x68, 0x01, 0x31, 0xA1, 0x60, 0xBD, 0xE8, 0x10, 0x40, 0x00, 0xF0,
    0x2B, 0xBC, 0x70, 0x47, 0xB0, 0xB5, 0x04, 0x46, 0x00, 0xF0, 0x3A, 0xEC, 0xE1, 0x68, 0x05, 0x46,
    0x11, 0xB1, 0x20, 0x46, 0xFF, 0xF7, 0x17, 0xFE, 0x40, 0xF6, 0x80, 0x30, 0xA1, 0x68, 0xC7, 0xF2,
    0x04, 0x00, 0x00, 0x68, 0x08, 0x44, 0xE0, 0x60, 0x20, 0x46, 0xFF, 0xF7, 0xE9, 0xFC, 0x28, 0x46,
    0xBD, 0xE8, 0xB0, 0x40, 0x00, 0xF0, 0x10, 0xBC, 0x4E, 0xF2, 0xA4, 0x01, 0xC7, 0xF2, 0x04, 0x01,
    0x08, 0x68, 0x42, 0x1C, 0x08, 0xBF, 0x70, 0x47, 0x10, 0xB5, 0x0C, 0x1D, 0x4F, 0xF0, 0x00, 0x01,
    0x00, 0xF0, 0xCD, 0xFB, 0xB0, 0xFA, 0x80, 0xF0, 0x40, 0x09, 0x00, 0xF0, 0xF1, 0xFB, 0x54, 0xF8,
    0x04, 0x0B, 0x41, 0x1C, 0xF2, 0xD1, 0xBD, 0xE8, 0x10, 0x40, 0x70, 0x47, 0x4E, 0xF2, 0xA4, 0x01,
    0xC7, 0xF2, 0x04, 0x01, 0x08, 0x68, 0x42, 0x1C, 0x08, 0xBF, 0x70, 0x47, 0x10, 0xB5, 0x0C, 0x1D,
    0x4F, 0xF0, 0x01, 0x01, 0x00, 0xF0, 0xB3, 0xFB, 0xB0, 0xFA, 0x80, 0xF0, 0x40, 0x09, 0x00, 0xF0,
    0xD7, 0xFB, 0x54, 0xF8, 0x04, 0x0B, 0x41, 0x1C, 0xF2, 0xD1, 0xBD, 0xE8, 0x10, 0x40, 0x70, 0x47,
    0xF0, 0xB5, 0x0A, 0x4C, 0x00, 0x25, 0x8C, 0x2D, 0x0E, 0xD0, 0x1B, 0xB9, 0x09, 0x28, 0x08, 0xBF,
    0x01, 0x2A, 0x01, 0xD0, 0x1C, 0x35, 0xF6, 0xE7, 0x66, 0x19, 0xB7, 0x68, 0x8F, 0x42, 0xF9, 0xD1,
    0x30, 0x69, 0x03, 0x49, 0x48, 0x43, 0xF0, 0xBD, 0x00, 0x20, 0xF0, 0xBD, 0xA0, 0x5C, 0x30, 0x80,
    0x40, 0x42, 0x0F, 0x00, 0xBC, 0xB5, 0xB0, 0xFB, 0xF1, 0xF4, 0x0A, 0x4A, 0x07, 0x4D, 0x40, 0xF2,
    0x72, 0x63, 0x00, 0x95, 0xB0, 0xFB, 0xF4, 0xF0, 0x40, 0x1A, 0x05, 0x49, 0xB0, 0xFA, 0x80, 0xF0,
    0x40, 0x09, 0xFF, 0xF7, 0x31, 0xFA, 0x60, 0x1E, 0xBC, 0xBD, 0x00, 0xBF, 0x65, 0x61, 0x30, 0x80,
    0x91, 0x61, 0x30, 0x80, 0xD3, 0x60, 0x30, 0x80, 0x28, 0x30, 0x9F, 0xE5, 0x00, 0x20, 0x93, 0xE5,
    0x03, 0x10, 0xA0, 0xE1, 0x00, 0x00, 0x52, 0xE3, 0x08, 0x30, 0x82, 0x12, 0x00, 0x00, 0x52, 0x11,
    0xF9, 0xFF, 0xFF, 0x1A, 0x00, 0x00, 0x52, 0xE3, 0x1E, 0xFF, 0x2F, 0x01, 0x08, 0x00, 0x90, 0xE5,
    0x00, 0x00, 0x81, 0xE5, 0x1E, 0xFF, 0x2F, 0xE1, 0xB8, 0x0B, 0x04, 0x70, 0x09, 0x00, 0x50, 0xE3,
    0x07, 0x00, 0x00, 0x8A, 0x20, 0xC0, 0x9F, 0xE5, 0x80, 0x31, 0x9C, 0xE7, 0x00, 0x00, 0x53, 0xE3,
    0x03, 0x00, 0x00, 0x0A, 0x80, 0x01, 0x8C, 0xE0, 0x1C, 0x30, 0x93, 0xE5, 0x04, 0x00, 0x90, 0xE5,
    0x13, 0xFF, 0x2F, 0xE1, 0x00, 0x00, 0xE0, 0xE3, 0x1E, 0xFF, 0x2F, 0xE1, 0xE0, 0xDF, 0x04, 0x70,
    0x09, 0x00, 0x50, 0xE3, 0x07, 0x00, 0x00, 0x8A, 0x20, 0xC0, 0x9F, 0xE5, 0x80, 0x31, 0x9C, 0xE7,
    0x00, 0x00, 0x53, 0xE3, 0x03, 0x00, 0x00, 0x0A, 0x80, 0x01, 0x8C, 0xE0, 0x18, 0x30, 0x93, 0xE5,
    0x04, 0x00, 0x90, 0xE5, 0x13, 0xFF, 0x2F, 0xE1, 0x00, 0x00, 0xE0, 0xE3, 0x1E, 0xFF, 0x2F, 0xE1,
    0xE0, 0xDF, 0x04, 0x70, 0x01, 0x29, 0x0B, 0xD0, 0xA1, 0xB9, 0x6F, 0xF0, 0x03, 0x01, 0x01, 0xEA,
    0x52, 0x01, 0x08, 0x44, 0x1C, 0x21, 0x00, 0xF5, 0x10, 0x70, 0x01, 0xEA, 0x82, 0x01, 0x02, 0xE0,
    0x00, 0xF5, 0x18, 0x70, 0x91, 0x00, 0x07, 0x22, 0x03, 0x68, 0x02, 0xFA, 0x01, 0xF1, 0x23, 0xEA,
    0x01, 0x01, 0x01, 0x60, 0x70, 0x47, 0xB0, 0xB5, 0x78, 0xB1, 0x02, 0x6E, 0x6A, 0xB1, 0x53, 0x68,
    0xC1, 0x6A, 0x1C, 0x69, 0x9D, 0x6F, 0x69, 0x60, 0x01, 0x2C, 0x07, 0xD1, 0xDB, 0x69, 0x00, 0xF1,
    0x28, 0x01, 0x10, 0x46, 0xBD, 0xE8, 0xB0, 0x40, 0x18, 0x47, 0xB0, 0xBD, 0x80, 0x6D, 0xBD, 0xE8,
    0xB0, 0x40, 0xFF, 0xF7, 0xE4, 0xBE, 0xB0, 0xB5, 0x78, 0xB1, 0x02, 0x6E, 0x6A, 0xB1, 0x53, 0x68,
    0x01, 0x6C, 0x9C, 0x69, 0xDD, 0x6F, 0x69, 0x60, 0x01, 0x2C, 0x07, 0xD1, 0x1B, 0x6A, 0x00, 0xF1,
    0x3C, 0x01, 0x10, 0x46, 0xBD, 0xE8, 0xB0, 0x40, 0x18, 0x47, 0xB0, 0xBD, 0xC0, 0x6D, 0xBD, 0xE8,
    0xB0, 0x40, 0xFF, 0xF7, 0xCC, 0xBE, 0x01, 0x2A, 0x0A, 0xD0, 0x92, 0xB9, 0xC9, 0x00, 0x1F, 0x2B,
    0x08, 0x44, 0x92, 0xBF, 0x00, 0xF5, 0x50, 0x70, 0x00, 0xF5, 0x51, 0x70, 0x20, 0x3B, 0x03, 0xE0,
    0x00, 0xEB, 0x81, 0x00, 0x00, 0xF5, 0x60, 0x70, 0x01, 0x21, 0x02, 0x68, 0x99, 0x40, 0x11, 0x43,
    0x01, 0x60, 0x70, 0x47, 0x08, 0x49, 0x09, 0x68, 0x81, 0x42, 0x0B, 0xD9, 0x07, 0x49, 0x01, 0xEB,
    0xC0, 0x01, 0x00, 0x20, 0x4A, 0x68, 0x22, 0xB1, 0xD2, 0xF8, 0x80, 0x20, 0x01, 0x2A, 0x08, 0xBF,
    0x08, 0x46, 0x70, 0x47, 0x00, 0x20, 0x70, 0x47, 0xDC, 0xE0, 0x04, 0x70, 0xB4, 0xE0, 0x04, 0x70,
    0x80, 0xB5, 0x0A, 0x69, 0xD1, 0xE9, 0x00, 0xCE, 0xD1, 0xE9, 0x02, 0x13, 0x03, 0x60, 0x00, 0x23,
    0xC0, 0xE9, 0x01, 0x2E, 0xC0, 0xE9, 0x03, 0x31, 0xBC, 0xF1, 0x00, 0x0F, 0x43, 0x61, 0x18, 0xBF,
    0xFF, 0xF7, 0xA8, 0xFE, 0x00, 0x20, 0x80, 0xBD, 0xB0, 0xB5, 0x07, 0x4B, 0xC0, 0xB2, 0x07, 0x4D,
    0xC9, 0xB2, 0x04, 0x4C, 0x23, 0x60, 0x65, 0x60, 0xFC, 0xF7, 0xD0, 0xFA, 0x00, 0x21, 0x21, 0x60,
    0x61, 0x60, 0xB0, 0xBD, 0x08, 0x90, 0x20, 0x53, 0x67, 0x45, 0x23, 0x01, 0xA8, 0xCB, 0xED, 0x0F,
    0x81, 0xB0, 0x00, 0xEB, 0x41, 0x10, 0x00, 0xF5, 0x80, 0x41, 0x00, 0x20, 0x00, 0x91, 0x08, 0x28,
    0x07, 0xD0, 0x00, 0x99, 0x52, 0xF8, 0x20, 0x30, 0x01, 0x30, 0x0B, 0x60, 0x00, 0x99, 0x04, 0x31,
    0xF4, 0xE7, 0x01, 0xB0, 0x70, 0x47, 0x70, 0xB1, 0x80, 0xB5, 0x40, 0x68, 0x10, 0x23, 0x01, 0x29,
    0xC2, 0x6C, 0x08, 0xBF, 0x14, 0x23, 0xD2, 0xE9, 0x09, 0x10, 0xD2, 0x58, 0x02, 0x23, 0xFE, 0xF7,
    0xE7, 0xFE, 0x00, 0x20, 0x80, 0xBD, 0x4F, 0xF0, 0xFF, 0x30, 0x70, 0x47, 0xB0, 0xB5, 0x07, 0x4D,
    0x04, 0x46, 0x00, 0xF0, 0x5F, 0xFA, 0x29, 0x68, 0x01, 0x2C, 0x00, 0xD8, 0x29, 0x68, 0x01, 0xF0,
    0x0F, 0x01, 0x01, 0x31, 0xB0, 0xFB, 0xF1, 0xF0, 0xB0, 0xBD, 0x00, 0xBF, 0x10, 0x05, 0x20, 0x53,
    0x10, 0x28, 0x04, 0xD8, 0x01, 0x21, 0x06, 0x4A, 0x81, 0x40, 0x11, 0x42, 0x03, 0xD1, 0x3C, 0x28,
    0x18, 0xBF, 0x38, 0x28, 0x01, 0xD1, 0x00, 0x20, 0x70, 0x47, 0x6F, 0xF0, 0x02, 0x00, 0x70, 0x47,
    0x02, 0x01, 0x01, 0x00, 0x40, 0x40, 0x2D, 0xE9, 0x10, 0xD0, 0x4D, 0xE2, 0x08, 0x60, 0x8D, 0xE2,
    0x00, 0x60, 0x8D, 0xE5, 0x15, 0xF5, 0xFF, 0xEB, 0x08, 0x20, 0x9D, 0xE5, 0x0C, 0x30, 0x9D, 0xE5,
    0x10, 0xD0, 0x8D, 0xE2, 0x40, 0x80, 0xBD, 0xE8, 0x80, 0xB5, 0x00, 0xF0, 0x32, 0xFA, 0xFB, 0xF7,
    0x6F, 0xFC, 0x46, 0xF2, 0xF8, 0x21, 0x01, 0x20, 0xC8, 0xF2, 0x30, 0x01, 0xFF, 0xF7, 0xBC, 0xFD,
    0xFD, 0xF7, 0xAB, 0xFB, 0xBD, 0xE8, 0x80, 0x40, 0x00, 0xF0, 0xD1, 0xB8, 0x80, 0xB5, 0x82, 0xB0,
    0x03, 0x46, 0x45, 0xF6, 0xDD, 0x30, 0xC8, 0xF2, 0x30, 0x00, 0x8C, 0x46, 0x0D, 0xF1, 0x07, 0x01,
    0x4F, 0xF0, 0xFF, 0x32, 0xCD, 0xF8, 0x00, 0xC0, 0xFA, 0xF7, 0x14, 0xFC, 0x02, 0xB0, 0x80, 0xBD,
    0x10, 0xB5, 0x00, 0xF5, 0x80, 0x40, 0x4C, 0x01, 0x00, 0xEB, 0x42, 0x13, 0x00, 0xEB, 0x41, 0x11,
    0x52, 0x01, 0x8B, 0x82, 0x01, 0x59, 0x83, 0x58, 0x09, 0x0B, 0x61, 0xF3, 0x11, 0x33, 0x83, 0x50,
    0x10, 0xBD, 0xB0, 0xB5, 0x04, 0x46, 0x00, 0xF0, 0x3C, 0xEA, 0x4E, 0xF2, 0xCC, 0x01, 0xC7, 0xF2,
    0x04, 0x01, 0x0D, 0x68, 0x0A, 0x68, 0x22, 0x43, 0x0A, 0x60, 0x00, 0xF0, 0x2E, 0xEA, 0x28, 0x46,
    0xB0, 0xBD, 0x47, 0xF6, 0x40, 0x0C, 0x01, 0x21, 0xC0, 0xF2, 0x7D, 0x1C, 0x00, 0x22, 0x4F, 0xF4,
    0x7A, 0x73, 0x01, 0x60, 0xC0, 0xE9, 0x03, 0x22, 0xC0, 0xE9, 0x05, 0x12, 0xC0, 0xE9, 0x01, 0xC3,
    0x70, 0x47, 0x10, 0xB5, 0x02, 0x46, 0xC3, 0x68, 0xC0, 0x68, 0x00, 0xF0, 0x7F, 0x00, 0xD0, 0x60,
    0x50, 0x69, 0xC0, 0x07, 0x0F, 0xBF, 0x00, 0x20, 0x14, 0x68, 0x01, 0x20, 0x0C, 0x70, 0xD3, 0x60,
    0x10, 0xBD, 0x80, 0xB5, 0xFF, 0xF7, 0x0F, 0xFC, 0x00, 0xF0, 0x79, 0xF9, 0xFE, 0xF7, 0x4E, 0xFF,
    0x00, 0xF0, 0x62, 0xF9, 0x00, 0xF0, 0x59, 0xF9, 0xBD, 0xE8, 0x80, 0x40, 0xFE, 0xF7, 0xAA, 0xBC,
    0x01, 0x46, 0xC2, 0x68, 0xC0, 0x68, 0x00, 0xF0, 0x7F, 0x00, 0xC8, 0x60, 0x48, 0x69, 0xCA, 0x60,
    0x00, 0xF0, 0x60, 0x00, 0x60, 0x38, 0xB0, 0xFA, 0x80, 0xF0, 0x40, 0x09, 0x70, 0x47, 0x80, 0xB5,
    0xFF, 0xF7, 0xDF, 0xFF, 0xFE, 0xF7, 0xA7, 0xF8, 0x00, 0x20, 0xFF, 0xF7, 0x75, 0xFF, 0xFD, 0xF7,
    0x0A, 0xF9, 0x00, 0xF0, 0xED, 0xF8, 0x00, 0x20, 0x80, 0xBD, 0x00, 0x00, 0x00, 0x20, 0xA0, 0xE3,
    0x02, 0x30, 0xD1, 0xE7, 0x00, 0x00, 0x53, 0xE3, 0x02, 0x30, 0xC0, 0xE7, 0x01, 0x20, 0x82, 0xE2,
    0xFA, 0xFF, 0xFF, 0x1A, 0x1E, 0xFF, 0x2F, 0xE1, 0x00, 0x10, 0xA0, 0xE3, 0x01, 0x20, 0xD0, 0xE7,
    0x01, 0x10, 0x81, 0xE2, 0x00, 0x00, 0x52, 0xE3, 0xFB, 0xFF, 0xFF, 0x1A, 0x01, 0x00, 0x41, 0xE2,
    0x1E, 0xFF, 0x2F, 0xE1, 0x00, 0xC0, 0xA0, 0xE3, 0x0C, 0x00, 0x52, 0xE1, 0x1E, 0xFF, 0x2F, 0x01,
    0x0C, 0x30, 0xD1, 0xE7, 0x0C, 0x30, 0xC0, 0xE7, 0x01, 0xC0, 0x8C, 0xE2, 0xF9, 0xFF, 0xFF, 0xEA,
    0x50, 0xB1, 0x10, 0xB5, 0x04, 0x46, 0x00, 0xF0, 0x3C, 0xE9, 0xC1, 0xB2, 0xC0, 0xF3, 0x07, 0x20,
    0xC4, 0xE9, 0x00, 0x10, 0xBD, 0xE8, 0x10, 0x40, 0x70, 0x47, 0x1F, 0x29, 0x02, 0xD8, 0x4F, 0xF4,
    0x80, 0x52, 0x02, 0xE0, 0x41, 0xF2, 0x04, 0x02, 0x20, 0x39, 0x80, 0x58, 0xC8, 0x40, 0x00, 0xF0,
    0x01, 0x00, 0x70, 0x47, 0x01, 0x46, 0xBF, 0x20, 0xCA, 0x68, 0xC8, 0x60, 0x88, 0x68, 0x8B, 0x68,
    0x00, 0xF0, 0x10, 0x00, 0x43, 0xF0, 0x10, 0x03, 0x8B, 0x60, 0xCA, 0x60, 0x70, 0x47, 0x10, 0xB5,
    0x40, 0xF6, 0xBC, 0x34, 0xC7, 0xF2, 0x04, 0x04, 0x20, 0x68, 0x18, 0xB1, 0xFC, 0xF7, 0x76, 0xFF,
    0x00, 0x20, 0x20, 0x60, 0x10, 0xBD, 0x81, 0xB0, 0x01, 0x69, 0x00, 0x91, 0x00, 0x99, 0x01, 0x31,
    0x00, 0x91, 0x81, 0x69, 0x40, 0x69, 0x40, 0x1A, 0x02, 0x38, 0x01, 0xB0, 0x70, 0x47, 0x00, 0x00,
    0x10, 0xB5, 0x04, 0x4C, 0x20, 0x68, 0x20, 0xB1, 0x20, 0x1D, 0xFE, 0xF7, 0xD4, 0xFB, 0x00, 0x20,
    0x20, 0x60, 0x10, 0xBD, 0x78, 0xE0, 0x04, 0x70, 0x00, 0x30, 0xA0, 0xE3, 0x03, 0x00, 0x52, 0xE1,
    0x1E, 0xFF, 0x2F, 0x01, 0x03, 0x10, 0xC0, 0xE7, 0x01, 0x30, 0x83, 0xE2, 0xFA, 0xFF, 0xFF, 0xEA,
    0x38, 0xB1, 0x01, 0xF0, 0x01, 0x01, 0x00, 0x22, 0x81, 0x60, 0x01, 0x21, 0xC0, 0xE9, 0x00, 0x21,
    0xC2, 0x60, 0x00, 0x20, 0x70, 0x47, 0x01, 0x46, 0xC2, 0x68, 0xC0, 0x68, 0x00, 0xF0, 0x7F, 0x00,
    0xC8, 0x60, 0x48, 0x69, 0xCA, 0x60, 0xC0, 0xF3, 0x40, 0x10, 0x70, 0x47, 0x01, 0x46, 0xC2, 0x68,
    0xC0, 0x68, 0x00, 0xF0, 0x7F, 0x00, 0xC8, 0x60, 0x48, 0x69, 0xCA, 0x60, 0x00, 0xF0, 0x01, 0x00,
    0x70, 0x47, 0x01, 0x46, 0xC2, 0x68, 0xC0, 0x68, 0x00, 0xF0, 0x7F, 0x00, 0xC8, 0x60, 0x88, 0x68,
    0xCA, 0x60, 0x00, 0xF0, 0x3E, 0x00, 0x70, 0x47, 0x80, 0xB5, 0x40, 0xF6, 0x80, 0x32, 0x00, 0x23,
    0xC7, 0xF2, 0x04, 0x02, 0xD2, 0x68, 0xFF, 0xF7, 0xA6, 0xEE, 0x80, 0xBD, 0x30, 0xB1, 0x41, 0x68,
    0x21, 0xB1, 0xC9, 0x68, 0x11, 0xB1, 0x00, 0x68, 0xC0, 0x68, 0x70, 0x47, 0x08, 0x20, 0x70, 0x47,
    0x08, 0xB1, 0x00, 0x20, 0x70, 0x47, 0x02, 0x48, 0x00, 0x68, 0xC0, 0xF3, 0x00, 0x20, 0x70, 0x47,
    0x64, 0x00, 0xD0, 0x50, 0x30, 0xB1, 0x01, 0x21, 0x02, 0x22, 0x00, 0x23, 0x81, 0x60, 0xC0, 0xE9,
    0x00, 0x21, 0xC3, 0x60, 0x00, 0x20, 0x70, 0x47, 0x38, 0xB1, 0x00, 0x21, 0x4F, 0xF0, 0xFF, 0x32,
    0xC0, 0xE9, 0x02, 0x21, 0xC0, 0xE9, 0x00, 0x11, 0x01, 0x61, 0x70, 0x47, 0xBF, 0x22, 0xC3, 0x68,
    0x09, 0x09, 0xC2, 0x60, 0x82, 0x68, 0x61, 0xF3, 0x04, 0x12, 0x82, 0x60, 0xC3, 0x60, 0x70, 0x47,
    0x80, 0xB5, 0xFF, 0xF7, 0x7D, 0xFF, 0x00, 0xF0, 0xB6, 0xF8, 0xBD, 0xE8, 0x80, 0x40, 0xFE, 0xF7,
    0xDC, 0xB9, 0xBF, 0x22, 0xC3, 0x68, 0xC2, 0x60, 0x82, 0x68, 0x61, 0xF3, 0x87, 0x12, 0x82, 0x60,
    0xC3, 0x60, 0x70, 0x47, 0x02, 0x46, 0x00, 0x6A, 0x13, 0x6A, 0x00, 0xF0, 0x07, 0x00, 0x61, 0xF3,
    0x02, 0x03, 0x13, 0x62, 0x70, 0x47, 0x01, 0x46, 0xC2, 0x68, 0xC0, 0x68, 0x00, 0xF0, 0x7F, 0x00,
    0xC8, 0x60, 0x48, 0x69, 0xCA, 0x60, 0x70, 0x47, 0x10, 0xB5, 0x04, 0x46, 0x00, 0xF0, 0x16, 0xE8,
    0x20, 0x46, 0xBD, 0xE8, 0x10, 0x40, 0xFF, 0xF7, 0xC8, 0xBB, 0xC2, 0x6E, 0x6F, 0xF0, 0x03, 0x03,
    0x63, 0xEA, 0x01, 0x01, 0x11, 0x40, 0xC1, 0x66, 0x70, 0x47, 0x00, 0x00, 0x01, 0x30, 0xA0, 0xE1,
    0x02, 0x10, 0xA0, 0xE1, 0x03, 0x20, 0xA0, 0xE1, 0xA6, 0xFF, 0xFF, 0xEA, 0x04, 0x10, 0x9F, 0xE5,
    0x18, 0x10, 0x81, 0xE2, 0x7C, 0xF5, 0xFF, 0xEA, 0x20, 0xDE, 0x04, 0x70, 0x20, 0xB1, 0x80, 0xB5,
    0x20, 0x21, 0x00, 0xF0, 0x24, 0xE8, 0x80, 0xBD, 0x70, 0x47, 0x4E, 0xF2, 0x48, 0x00, 0x00, 0x21,
    0xC7, 0xF2, 0x04, 0x00, 0xFF, 0xF7, 0xE8, 0xBA, 0x80, 0xB5, 0xFF, 0xF7, 0x97, 0xFC, 0xBD, 0xE8,
    0x80, 0x40, 0xFF, 0xF7, 0xB7, 0xBB, 0x40, 0xF6, 0x80, 0x30, 0xC7, 0xF2, 0x04, 0x00, 0x00, 0x68,
    0x70, 0x47, 0x4E, 0xF2, 0xD0, 0x01, 0xC7, 0xF2, 0x04, 0x01, 0x08, 0x60, 0x70, 0x47, 0x80, 0xB5,
    0x00, 0x20, 0xFF, 0xF7, 0xE3, 0xFD, 0x00, 0x21, 0x80, 0xBD, 0x00, 0x00, 0x01, 0x20, 0xA0, 0xE1,
    0x00, 0x10, 0xB0, 0xE3, 0x8B, 0xFF, 0xFF, 0xEA, 0x00, 0x10, 0xA0, 0xE1, 0x08, 0x00, 0xA0, 0xE3,
    0x20, 0xF1, 0xFF, 0xEA, 0x03, 0x00, 0x42, 0xE0, 0x1E, 0xFF, 0x2F, 0xE1, 0x00, 0xF0, 0x20, 0xE3,
    0x5F, 0xF0, 0x7F, 0xF5, 0xB0, 0x0F, 0x10, 0xEE, 0x1E, 0xFF, 0x2F, 0xE1, 0x80, 0xB5, 0x14, 0x21,
    0xFF, 0xF7, 0xE4, 0xEF, 0x80, 0xBD, 0xC0, 0x68, 0x00, 0x28, 0x18, 0xBF, 0x01, 0x20, 0x70, 0x47,
    0x80, 0x69, 0x6F, 0xF0, 0x01, 0x01, 0x08, 0x1A, 0x70, 0x47, 0x01, 0x68, 0x41, 0xF0, 0x01, 0x01,
    0x01, 0x60, 0x70, 0x47, 0x80, 0xB5, 0x14, 0x21, 0xFF, 0xF7, 0xD0, 0xEF, 0x80, 0xBD, 0x00, 0x00,
    0x00, 0xF0, 0x20, 0xE3, 0x1E, 0xFF, 0x2F, 0xE1, 0x01, 0x21, 0xC0, 0xF8, 0x88, 0x10, 0x70, 0x47,
    0x08, 0xB1, 0xFF, 0xF7, 0x79, 0xBF, 0x70, 0x47, 0x40, 0x68, 0x40, 0x68, 0x70, 0x47, 0xC0, 0xB2,
    0xFB, 0xF7, 0x90, 0xB8, 0x02, 0x20, 0xFD, 0xF7, 0x4D, 0xBD, 0x00, 0xF0, 0x0A, 0xB8, 0x00, 0xF0,
    0x06, 0xB8, 0xFF, 0xF7, 0x4B, 0xB9, 0xFF, 0xF7, 0x17, 0xBC, 0xFF, 0xF7, 0x0A, 0xBE, 0xFF, 0xF7,
    0xE3, 0xBF, 0xFF, 0xF7, 0xB0, 0xBE, 0xFF, 0xF7, 0xCB, 0xBF, 0xFC, 0xF7, 0x7F, 0xBD, 0xFF, 0xF7,
    0xCC, 0xBF, 0x00, 0x00, 0x1E, 0xFF, 0x2F, 0xE1, 0x31, 0xFF, 0xFF, 0xEA, 0x1E, 0xFF, 0x2F, 0xE1,
    0x6A, 0xF6, 0xFF, 0xEA, 0xBD, 0xFC, 0xFF, 0xEA, 0xDF, 0xF8, 0x00, 0xF0, 0xA9, 0xCF, 0x04, 0x70,
    0xDF, 0xF8, 0x00, 0xF0, 0x3D, 0xDD, 0x04, 0x70, 0xDF, 0xF8, 0x00, 0xF0, 0xDC, 0xD4, 0x04, 0x70,
    0xDF, 0xF8, 0x00, 0xF0, 0xE1, 0xCE, 0x04, 0x70, 0xDF, 0xF8, 0x00, 0xF0, 0xFC, 0xD4, 0x04, 0x70,
    0x04, 0xF0, 0x1F, 0xE5, 0xA8, 0xDD, 0x04, 0x70, 0xDF, 0xF8, 0x00, 0xF0, 0x8C, 0x53, 0x30, 0x80,
    0xDF, 0xF8, 0x00, 0xF0, 0x6C, 0x53, 0x30, 0x80, 0x04, 0xF0, 0x1F, 0xE5, 0xFC, 0xD4, 0x04, 0x70,
    0x04, 0xF0, 0x1F, 0xE5, 0xBC, 0xD4, 0x04, 0x70, 0xDF, 0xF8, 0x00, 0xF0, 0x0F, 0xCE, 0x04, 0x70,
    0xDF, 0xF8, 0x00, 0xF0, 0xCB, 0xCC, 0x04, 0x70, 0xDF, 0xF8, 0x00, 0xF0, 0xB9, 0xCC, 0x04, 0x70,
    0x00, 0x00, 0x00, 0x00, 0x09, 0x00, 0x00, 0x00, 0x01, 0x00, 0x00, 0x00, 0xC8, 0x00, 0x00, 0x00,
    0x00, 0x00, 0x00, 0x00, 0xF4, 0x01, 0x00, 0x00, 0x19, 0x00, 0x00, 0x00, 0x02, 0x00, 0x00, 0x00,
    0x09, 0x00, 0x00, 0x00, 0x01, 0x00, 0x00, 0x00, 0x68, 0x01, 0x00, 0x00, 0x00, 0x00, 0x00, 0x00,
    0x84, 0x03, 0x00, 0x00, 0x19, 0x00, 0x00, 0x00, 0x04, 0x00, 0x00, 0x00, 0x09, 0x00, 0x00, 0x00,
    0x01, 0x00, 0x00, 0x00, 0x80, 0x01, 0x00, 0x00, 0x00, 0x00, 0x00, 0x00, 0xC0, 0x03, 0x00, 0x00,
    0x19, 0x00, 0x00, 0x00, 0x04, 0x00, 0x00, 0x00, 0x09, 0x00, 0x00, 0x00, 0x01, 0x00, 0x00, 0x00,
    0x90, 0x01, 0x00, 0x00, 0x00, 0x00, 0x00, 0x00, 0xE8, 0x03, 0x00, 0x00, 0x19, 0x00, 0x00, 0x00,
    0x04, 0x00, 0x00, 0x00, 0x09, 0x00, 0x00, 0x00, 0x01, 0x00, 0x00, 0x00, 0x20, 0x03, 0x00, 0x00,
    0x00, 0x00, 0x00, 0x00, 0xD0, 0x07, 0x00, 0x00, 0x19, 0x00, 0x00, 0x00, 0x08, 0x00, 0x00, 0x00,
    0x20, 0x00, 0x00, 0x00, 0x00, 0x00, 0x00, 0x00, 0x00, 0x00, 0xF0, 0x3F, 0x00, 0x00, 0x00, 0x00,
    0x00, 0x00, 0x24, 0x40, 0x00, 0x00, 0x00, 0x00, 0x00, 0x00, 0x59, 0x40, 0x00, 0x00, 0x00, 0x00,
    0x00, 0x40, 0x8F, 0x40, 0x00, 0x00, 0x00, 0x00, 0x00, 0x88, 0xC3, 0x40, 0x00, 0x00, 0x00, 0x00,
    0x00, 0x6A, 0xF8, 0x40, 0x00, 0x00, 0x00, 0x00, 0x80, 0x84, 0x2E, 0x41, 0x00, 0x00, 0x00, 0x00,
    0xD0, 0x12, 0x63, 0x41, 0x00, 0x00, 0x00, 0x00, 0x84, 0xD7, 0x97, 0x41, 0x00, 0x00, 0x00, 0x00,
    0x65, 0xCD, 0xCD, 0x41, 0x28, 0x70, 0x61, 0x72, 0x61, 0x6D, 0x73, 0x2D, 0x3E, 0x70, 0x65, 0x72,
    0x69, 0x6F, 0x64, 0x49, 0x6E, 0x55, 0x73, 0x65, 0x63, 0x20, 0x21, 0x3D, 0x20, 0x30, 0x55, 0x29,
    0x20, 0x7C, 0x7C, 0x20, 0x28, 0x70, 0x61, 0x72, 0x61, 0x6D, 0x73, 0x2D, 0x3E, 0x70, 0x65, 0x72,
    0x69, 0x6F, 0x64, 0x49, 0x6E, 0x4E, 0x73, 0x65, 0x63, 0x20, 0x21, 0x3D, 0x20, 0x30, 0x55, 0x29,
    0x00, 0x45, 0x52, 0x52, 0x4F, 0x52, 0x3A, 0x20, 0x25, 0x73, 0x3A, 0x25, 0x64, 0x3A, 0x20, 0x55,
    0x41, 0x52, 0x54, 0x20, 0x6F, 0x70, 0x65, 0x6E, 0x20, 0x66, 0x61, 0x69, 0x6C, 0x65, 0x64, 0x20,
    0x66, 0x6F, 0x72, 0x20, 0x69, 0x6E, 0x73, 0x74, 0x61, 0x6E, 0x63, 0x65, 0x20, 0x25, 0x64, 0x20,
    0x21, 0x21, 0x21, 0x0D, 0x0A, 0x00, 0x41, 0x53, 0x53, 0x45, 0x52, 0x54, 0x3A, 0x20, 0x25, 0x64,
    0x2E, 0x25, 0x64, 0x73, 0x3A, 0x20, 0x25, 0x73, 0x3A, 0x25, 0x73, 0x3A, 0x25, 0x64, 0x3A, 0x20,
    0x25, 0x73, 0x20, 0x66, 0x61, 0x69, 0x6C, 0x65, 0x64, 0x20, 0x21, 0x21, 0x21, 0x0D, 0x0A, 0x00,
    0x67, 0x43, 0x6C, 0x6F, 0x63, 0x6B, 0x43, 0x6F, 0x6E, 0x66, 0x69, 0x67, 0x2E, 0x74, 0x69, 0x6D,
    0x65, 0x72, 0x49, 0x6E, 0x70, 0x75, 0x74, 0x50, 0x72, 0x65, 0x53, 0x63, 0x61, 0x6C, 0x65, 0x72,
    0x20, 0x21, 0x3D, 0x20, 0x30, 0x55, 0x00, 0x53, 0x4F, 0x43, 0x5F, 0x72, 0x63, 0x6D, 0x47, 0x65,
    0x74, 0x50, 0x65, 0x72, 0x69, 0x70, 0x68, 0x65, 0x72, 0x61, 0x6C, 0x43, 0x6C, 0x6F, 0x63, 0x6B,
    0x46, 0x72, 0x65, 0x71, 0x75, 0x65, 0x6E, 0x63, 0x79, 0x00, 0x67, 0x43, 0x6C, 0x6F, 0x63, 0x6B,
    0x43, 0x6F, 0x6E, 0x66, 0x69, 0x67, 0x2E, 0x74, 0x69, 0x6D, 0x65, 0x72, 0x49, 0x6E, 0x70, 0x75,
    0x74, 0x43, 0x6C, 0x6B, 0x48, 0x7A, 0x20, 0x21, 0x3D, 0x20, 0x30, 0x55, 0x00, 0x6F, 0x62, 0x6A,
    0x65, 0x63, 0x74, 0x2D, 0x3E, 0x69, 0x73, 0x4F, 0x70, 0x65, 0x6E, 0x20, 0x21, 0x3D, 0x20, 0x28,
    0x75, 0x69, 0x6E, 0x74, 0x33, 0x32, 0x5F, 0x74, 0x29, 0x46, 0x41, 0x4C, 0x53, 0x45, 0x00, 0x67,
    0x43, 0x6C, 0x6F, 0x63, 0x6B, 0x43, 0x6F, 0x6E, 0x66, 0x69, 0x67, 0x2E, 0x74, 0x69, 0x6D, 0x65,
    0x72, 0x42, 0x61, 0x73, 0x65, 0x41, 0x64, 0x64, 0x72, 0x20, 0x21, 0x3D, 0x20, 0x30, 0x55, 0x00,
    0x00, 0x00, 0x00, 0x00, 0x00, 0x00, 0x00, 0x00, 0xFD, 0xFF, 0xFF, 0xFF, 0x00, 0x00, 0x00, 0x00,
    0xFD, 0xFF, 0xFF, 0xFF, 0x00, 0x00, 0x00, 0x00, 0xFD, 0xFF, 0xFF, 0xFF, 0x00, 0x00, 0x00, 0x00,
    0x6F, 0x62, 0x6A, 0x65, 0x63, 0x74, 0x2D, 0x3E, 0x70, 0x72, 0x6D, 0x73, 0x2E, 0x69, 0x6E, 0x74,
    0x72, 0x4E, 0x75, 0x6D, 0x20, 0x21, 0x3D, 0x20, 0x30, 0x78, 0x46, 0x46, 0x46, 0x46, 0x55, 0x00,
    0x67, 0x43, 0x6C, 0x6F, 0x63, 0x6B, 0x43, 0x6F, 0x6E, 0x66, 0x69, 0x67, 0x2E, 0x75, 0x73, 0x65,
    0x63, 0x50, 0x65, 0x72, 0x54, 0x69, 0x63, 0x6B, 0x20, 0x21, 0x3D, 0x20, 0x30, 0x55, 0x00, 0x70,
    0x61, 0x72, 0x61, 0x6D, 0x73, 0x2D, 0x3E, 0x69, 0x6E, 0x70, 0x75, 0x74, 0x50, 0x72, 0x65, 0x53,
    0x63, 0x61, 0x6C, 0x65, 0x72, 0x20, 0x3D, 0x3D, 0x20, 0x31, 0x55, 0x00, 0x74, 0x69, 0x6D, 0x65,
    0x72, 0x43, 0x79, 0x63, 0x6C, 0x65, 0x73, 0x20, 0x3C, 0x3D, 0x20, 0x28, 0x30, 0x78, 0x46, 0x46,
    0x46, 0x46, 0x46, 0x46, 0x46, 0x46, 0x55, 0x29, 0x00, 0x4E, 0x55, 0x4C, 0x4C, 0x5F, 0x50, 0x54,
    0x52, 0x20, 0x21, 0x3D, 0x20, 0x67, 0x55, 0x61, 0x72, 0x74, 0x44, 0x72, 0x76, 0x4F, 0x62, 0x6A,
    0x2E, 0x6C, 0x6F, 0x63, 0x6B, 0x00, 0x64, 0x70, 0x6C, 0x2F, 0x63, 0x6F, 0x6D, 0x6D, 0x6F, 0x6E,
    0x2F, 0x54, 0x69, 0x6D, 0x65, 0x72, 0x50, 0x5F, 0x72, 0x74, 0x69, 0x5F, 0x70, 0x72, 0x69, 0x76,
    0x2E, 0x63, 0x00, 0x00, 0x66, 0x06, 0x88, 0x08, 0x00, 0x00, 0x11, 0x01, 0x55, 0x05, 0x88, 0x08,
    0x88, 0x08, 0x44, 0x04, 0x88, 0x08, 0x22, 0x02, 0x88, 0x08, 0x88, 0x08, 0x33, 0x03, 0x88, 0x08,
    0x11, 0x01, 0x22, 0x02, 0x00, 0x00, 0x66, 0x06, 0x55, 0x05, 0x88, 0x08, 0x88, 0x08, 0x88, 0x08,
    0x33, 0x03, 0x88, 0x08, 0x88, 0x08, 0x44, 0x04, 0x88, 0x08, 0x88, 0x08, 0x66, 0x06, 0x22, 0x02,
    0x00, 0x00, 0x11, 0x01, 0x55, 0x05, 0x88, 0x08, 0x88, 0x08, 0x88, 0x08, 0x33, 0x03, 0x88, 0x08,
    0x88, 0x08, 0x44, 0x04, 0x88, 0x08, 0x88, 0x08, 0x66, 0x06, 0x22, 0x02, 0x00, 0x00, 0x11, 0x01,
    0x55, 0x05, 0x88, 0x08, 0x88, 0x08, 0x44, 0x04, 0x88, 0x08, 0x88, 0x08, 0x88, 0x08, 0x88, 0x08,
    0x33, 0x03, 0x88, 0x08, 0x66, 0x06, 0x22, 0x02, 0x00, 0x00, 0x11, 0x01, 0x55, 0x05, 0x88, 0x08,
    0x88, 0x08, 0x88, 0x08, 0x44, 0x04, 0x88, 0x08, 0x88, 0x08, 0x33, 0x03, 0x88, 0x08, 0x88, 0x08,
    0x66, 0x06, 0x22, 0x02, 0x00, 0x00, 0x11, 0x01, 0x55, 0x05, 0x88, 0x08, 0x88, 0x08, 0x44, 0x04,
    0x88, 0x08, 0x88, 0x08, 0x88, 0x08, 0x88, 0x08, 0x33, 0x03, 0x77, 0x07, 0x88, 0x08, 0x22, 0x02,
    0x00, 0x00, 0x11, 0x01, 0x55, 0x05, 0x88, 0x08, 0x88, 0x08, 0x88, 0x08, 0x88, 0x08, 0x88, 0x08,
    0x66, 0x06, 0x88, 0x08, 0x33, 0x03, 0x88, 0x08, 0x03, 0x04, 0x00, 0x00, 0x04, 0x04, 0x07, 0x04,
    0x06, 0x04, 0x05, 0x04, 0x02, 0x01, 0x00, 0x00, 0x00, 0x01, 0x00, 0x02, 0x00, 0x03, 0x01, 0x00,
    0x02, 0x00, 0x02, 0x02, 0x88, 0x08, 0x22, 0x02, 0x00, 0x00, 0x11, 0x01, 0x55, 0x05, 0x88, 0x08,
    0x77, 0x07, 0x88, 0x08, 0x44, 0x04, 0x88, 0x08, 0x88, 0x08, 0x66, 0x06, 0x33, 0x03, 0x88, 0x08,
    0x66, 0x06, 0x22, 0x02, 0x00, 0x00, 0x88, 0x08, 0x11, 0x01, 0x77, 0x07, 0x88, 0x08, 0x88, 0x08,
    0x44, 0x04, 0x88, 0x08, 0x88, 0x08, 0x88, 0x08, 0x33, 0x03, 0x88, 0x08, 0x45, 0x44, 0x4D, 0x41,
    0x5F, 0x69, 0x73, 0x44, 0x6D, 0x61, 0x43, 0x68, 0x61, 0x6E, 0x6E, 0x65, 0x6C, 0x41, 0x6C, 0x6C,
    0x6F, 0x63, 0x61, 0x74, 0x65, 0x64, 0x00, 0x53, 0x4F, 0x43, 0x5F, 0x72, 0x63, 0x6D, 0x47, 0x65,
    0x74, 0x4D, 0x6F, 0x64, 0x75, 0x6C, 0x65, 0x43, 0x6C, 0x6B, 0x44, 0x69, 0x76, 0x56, 0x61, 0x6C,
    0x00, 0x64, 0x70, 0x6C, 0x2F, 0x72, 0x35, 0x2F, 0x43, 0x6C, 0x6F, 0x63, 0x6B, 0x50, 0x5F, 0x6E,
    0x6F, 0x72, 0x74, 0x6F, 0x73, 0x5F, 0x72, 0x35, 0x2E, 0x63, 0x00, 0x70, 0x61, 0x72, 0x61, 0x6D,
    0x73, 0x2D, 0x3E, 0x69, 0x6E, 0x70, 0x75, 0x74, 0x43, 0x6C, 0x6B, 0x48, 0x7A, 0x20, 0x21, 0x3D,
    0x20, 0x30, 0x55, 0x00, 0x46, 0x41, 0x4C, 0x53, 0x45, 0x20, 0x3D, 0x3D, 0x20, 0x74, 0x69, 0x6D,
    0x65, 0x6F, 0x75, 0x74, 0x45, 0x6C, 0x61, 0x70, 0x73, 0x65, 0x64, 0x00, 0x53, 0x4F, 0x43, 0x5F,
    0x72, 0x63, 0x6D, 0x47, 0x65, 0x74, 0x43, 0x6F, 0x72, 0x65, 0x48, 0x53, 0x44, 0x69, 0x76, 0x4F,
    0x75, 0x74, 0x00, 0x53, 0x4F, 0x43, 0x5F, 0x72, 0x63, 0x6D, 0x47, 0x65, 0x74, 0x50, 0x65, 0x72,
    0x48, 0x53, 0x44, 0x69, 0x76, 0x4F, 0x75, 0x74, 0x00, 0x61, 0x63, 0x74, 0x4F, 0x75, 0x74, 0x46,
    0x72, 0x65, 0x71, 0x20, 0x3D, 0x3D, 0x20, 0x6F, 0x75, 0x74, 0x46, 0x72, 0x65, 0x71, 0x00, 0x53,
    0x4F, 0x43, 0x5F, 0x72, 0x63, 0x6D, 0x47, 0x65, 0x74, 0x45, 0x74, 0x68, 0x48, 0x53, 0x44, 0x69,
    0x76, 0x4F, 0x75, 0x74, 0x00, 0x73, 0x6F, 0x63, 0x2F, 0x61, 0x6D, 0x32, 0x36, 0x31, 0x78, 0x2F,
    0x73, 0x6F, 0x63, 0x5F, 0x72, 0x63, 0x6D, 0x2E, 0x63, 0x00, 0x45, 0x44, 0x4D, 0x41, 0x5F, 0x61,
    0x6C, 0x6C, 0x6F, 0x63, 0x44, 0x6D, 0x61, 0x43, 0x68, 0x61, 0x6E, 0x6E, 0x65, 0x6C, 0x00, 0x45,
    0x44, 0x4D, 0x41, 0x5F, 0x69, 0x73, 0x54, 0x63, 0x63, 0x41, 0x6C, 0x6C, 0x6F, 0x63, 0x61, 0x74,
    0x65, 0x64, 0x00, 0x45, 0x44, 0x4D, 0x41, 0x5F, 0x66, 0x72, 0x65, 0x65, 0x44, 0x6D, 0x61, 0x43,
    0x68, 0x61, 0x6E, 0x6E, 0x65, 0x6C, 0x00, 0x45, 0x44, 0x4D, 0x41, 0x5F, 0x75, 0x6E, 0x72, 0x65,
    0x67, 0x69, 0x73, 0x74, 0x65, 0x72, 0x49, 0x6E, 0x74, 0x72, 0x00, 0x53, 0x4F, 0x43, 0x5F, 0x72,
    0x63, 0x6D, 0x47, 0x65, 0x74, 0x43, 0x6F, 0x72, 0x65, 0x46, 0x6F, 0x75, 0x74, 0x00, 0x4E, 0x55,
    0x4C, 0x4C, 0x5F, 0x50, 0x54, 0x52, 0x20, 0x21, 0x3D, 0x20, 0x6F, 0x62, 0x6A, 0x65, 0x63, 0x74,
    0x00, 0x4E, 0x55, 0x4C, 0x4C, 0x5F, 0x50, 0x54, 0x52, 0x20, 0x21, 0x3D, 0x20, 0x61, 0x74, 0x74,
    0x72, 0x73, 0x00, 0x75, 0x61, 0x72, 0x74, 0x2F, 0x76, 0x30, 0x2F, 0x75, 0x61, 0x72, 0x74, 0x5F,
    0x76, 0x30, 0x2E, 0x63, 0x00, 0x53, 0x4F, 0x43, 0x5F, 0x72, 0x63, 0x6D, 0x47, 0x65, 0x74, 0x50,
    0x65, 0x72, 0x46, 0x6F, 0x75, 0x74, 0x00, 0x53, 0x4F, 0x43, 0x5F, 0x72, 0x63, 0x6D, 0x47, 0x65,
    0x74, 0x45, 0x74, 0x68, 0x46, 0x6F, 0x75, 0x74, 0x00, 0x45, 0x44, 0x4D, 0x41, 0x5F, 0x72, 0x65,
    0x67, 0x69, 0x73, 0x74, 0x65, 0x72, 0x49, 0x6E, 0x74, 0x72, 0x00, 0x45, 0x44, 0x4D, 0x41, 0x5F,
    0x67, 0x65, 0x74, 0x42, 0x61, 0x73, 0x65, 0x41, 0x64, 0x64, 0x72, 0x00, 0x55, 0x41, 0x52, 0x54,
    0x5F, 0x66, 0x6C, 0x75, 0x73, 0x68, 0x54, 0x78, 0x46, 0x69, 0x66, 0x6F, 0x00, 0x44, 0x72, 0x69,
    0x76, 0x65, 0x72, 0x73, 0x5F, 0x75, 0x61, 0x72, 0x74, 0x4F, 0x70, 0x65, 0x6E, 0x00, 0x54, 0x69,
    0x6D, 0x65, 0x72, 0x50, 0x5F, 0x73, 0x65, 0x74, 0x75, 0x70, 0x50, 0x72, 0x69, 0x76, 0x00, 0x45,
    0x44, 0x4D, 0x41, 0x5F, 0x61, 0x6C, 0x6C, 0x6F, 0x63, 0x50, 0x61, 0x72, 0x61, 0x6D, 0x00, 0x4E,
    0x55, 0x4C, 0x4C, 0x20, 0x21, 0x3D, 0x20, 0x68, 0x61, 0x6E, 0x64, 0x6C, 0x65, 0x00, 0x4E, 0x55,
    0x4C, 0x4C, 0x20, 0x21, 0x3D, 0x20, 0x6F, 0x62, 0x6A, 0x65, 0x63, 0x74, 0x00, 0x45, 0x44, 0x4D,
    0x41, 0x5F, 0x66, 0x72, 0x65, 0x65, 0x50, 0x61, 0x72, 0x61, 0x6D, 0x00, 0x48, 0x65, 0x6C, 0x6C,
    0x6F, 0x20, 0x57, 0x6F, 0x72, 0x6C, 0x64, 0x21, 0x0D, 0x0A, 0x00, 0x65, 0x64, 0x6D, 0x61, 0x2F,
    0x76, 0x30, 0x2F, 0x65, 0x64, 0x6D, 0x61, 0x2E, 0x63, 0x00, 0x45, 0x44, 0x4D, 0x41, 0x5F, 0x61,
    0x6C, 0x6C, 0x6F, 0x63, 0x54, 0x63, 0x63, 0x00, 0x4E, 0x55, 0x4C, 0x4C, 0x20, 0x21, 0x3D, 0x20,
    0x61, 0x74, 0x74, 0x72, 0x73, 0x00, 0x4E, 0x55, 0x4C, 0x4C, 0x20, 0x21, 0x3D, 0x20, 0x64, 0x6D,
    0x61, 0x43, 0x68, 0x00, 0x45, 0x44, 0x4D, 0x41, 0x5F, 0x66, 0x72, 0x65, 0x65, 0x54, 0x63, 0x63,
    0x00, 0x62, 0x61, 0x73, 0x65, 0x41, 0x64, 0x64, 0x72, 0x21, 0x3D, 0x30, 0x55, 0x00, 0x43, 0x6C,
    0x6F, 0x63, 0x6B, 0x50, 0x5F, 0x69, 0x6E, 0x69, 0x74, 0x00, 0x4E, 0x55, 0x4C, 0x4C, 0x20, 0x21,
    0x3D, 0x20, 0x74, 0x63, 0x63, 0x00, 0x55, 0x41, 0x52, 0x54, 0x5F, 0x63, 0x6C, 0x6F, 0x73, 0x65,
    0x00, 0x55, 0x41, 0x52, 0x54, 0x5F, 0x77, 0x72, 0x69, 0x74, 0x65, 0x00, 0x46, 0x4F, 0x75, 0x74,
    0x20, 0x21, 0x3D, 0x20, 0x30, 0x00, 0x55, 0x41, 0x52, 0x54, 0x5F, 0x69, 0x6E, 0x69, 0x74, 0x00,
    0x55, 0x41, 0x52, 0x54, 0x5F, 0x6F, 0x70, 0x65, 0x6E, 0x00, 0x46, 0x41, 0x4C, 0x53, 0x45, 0x00,
    0x66, 0x6E, 0x69, 0x2D, 0x00, 0x66, 0x6E, 0x69, 0x2B, 0x00, 0x00, 0x00, 0x20, 0x00, 0x00, 0x00,
    0x6E, 0x61, 0x6E, 0x00, 0x66, 0x6E, 0x69, 0x00, 0x00, 0x00, 0x00, 0x00
};
const unsigned int mcelfxip_file_len = 25788;

